name,address,type,opened,closed,Borough
Fire House,"99 Wooster St, New York, NY 10012",activist dances,,,Manhattan
The Snake Pit,"215 W 10th St, New York, NY 10014",after hours bar,1970,1971,Manhattan
Serendipity General Store,"225 E 60th St, New York, NY 10022",after hours malt shop,,,Manhattan
The Camp,"W 69th St & Columbus Ave, New York, NY 10023",after hours place,,,Manhattan
Club Impressions,"1558 3rd Ave, New York, NY 10128",after-hours private club,,,Manhattan
Bar Room 432,"432 W 14th St, New York, NY 10014",bar,1990,1996,Manhattan
Blue's,"264 W 43rd St, New York, NY 10036",bar,1980,1985,Manhattan
Henrietta Hudson,"438-444 Hudson St, New York, NY 10014",bar,1991,2024,Manhattan
Cubby hole,"281 W 12th St, New York, NY 10014",bar,1983,1990,Manhattan
Cubbyhole,"281 W 12th St, New York, NY 10014",bar,1994,2024,Manhattan
Julius',"159 W 10th St, New York, NY 10014",bar,1930,2024,Manhattan
Kooky's,"149 W 14th St, New York, NY 10011",bar,1965,1973,Manhattan
Ramrod,"394-395 West St, New York, NY 10014",bar,1973,1980,Manhattan
Uncle Charlie's,"56 Greenwich Ave, New York, NY 10011",bar,1980,1997,Manhattan
Bonnie & Clyde's,"82 W 3rd St, New York, NY 10012",bar,1972,1981,Manhattan
Menemsha Bar,"132 E 57th St, New York, NY 10022",bar,,,Manhattan
Twenty Nine,"129 Lexington Ave, New York, NY 10016",bar,,,Manhattan
New Danny's St Sheridan SG,"140 Sheridan Square, New York, NY 10014",bar,,,Manhattan
Tamburlane,"148 W 48th St, New York, NY 10036",bar,,,Manhattan
Three,"314 E 72nd St, New York, NY 10021",bar,,,Manhattan
Willie's West Side,"224 W 82nd St, New York, NY 10024",bar,,,Manhattan
Alibi,"1544 2nd Ave, New York, NY 10028",bar,,,Manhattan
Britt Top,"1716 2nd Ave, New York, NY 10128",bar,,,Manhattan
The Wine Cellar,"531 Hudson St, New York, NY 10014",bar,,,Manhattan
Finale,"48 Barrow St, New York, NY 10014",bar,,,Manhattan
GoldDiggers,"1234 2nd Ave, New York, NY 10065",bar,,,Manhattan
Heller's,"384 West St, New York, NY 10014",bar,,,Manhattan
The Lib ,"305 E 45th St, New York, NY 10017",bar,,,Manhattan
Leo's Lion,"57 Lexington Ave, New York, NY 10016",bar,,,Manhattan
Loading Zone,"568 9th Ave, New York, NY 10036",bar,,,Manhattan
Piper's Lounge,"1201 Lexington Ave, New York, NY 10028",bar,,,Manhattan
Roadhouse,"570 Hudson St, New York, NY 10014",bar,,,Manhattan
Squires: Nook,"18 E 13th St, New York, NY 10003",bar,,,Manhattan
Sugarman,"350 E 81st St, New York, NY 10028",bar,,,Manhattan
12th Night,"281 W 12th St, New York, NY 10014",bar,,,Manhattan
Westsider Bar,"2160 Broadway, New York, NY 10023",bar,,,Manhattan
Brothers And Sisters,"355 W 46th St, New York, NY 10036",bar,,,Manhattan
Better Days,"315 W 49th St, New York, NY 10019",bar,,,Manhattan
Charlie's Also,"1154 1st Ave, New York, NY 10065",bar,1972,,Manhattan
Danny's Bar In The Hideaway Motel,"500 W 14th St, New York, NY 10014",bar,,,Manhattan
Dirty Edna's Scoreboard,"264 W 46th St, New York, NY 10036",bar,,,Manhattan
Fiddle Stix,"1487 1st Ave, New York, NY 10075",bar,,,Manhattan
Howie's Hide-A-Way,"185 W 10th St, New York, NY 10014",bar,,,Manhattan
Marie's Crisis,"59 Grove St, New York, NY 10014",bar,,,Manhattan
New Jimmy's Super Club,"1576 3rd Ave, New York, NY 10128",bar,,,Manhattan
Sammy's Folly,"73 5th Ave, New York, NY 10003",bar,,,Manhattan
The Turn-Over,"105 W 13th St, New York, NY 10011",bar,,,Manhattan
The Barn,"232 Park Ave S, New York, NY 10003",bar,,,Manhattan
The Cabaret,"1436 3rd Ave, New York, NY 10028",bar,,,Manhattan
Godmother,"309 E 60th St, New York, NY 10022",bar,,,Manhattan
Meat Rack,"500 W 14th St, New York, NY 10014",bar,,,Manhattan
Mona's Royal Roost,"28 Cornelia St, New York, NY 10014",bar,,,Manhattan
Outcast,"1382 2nd Ave, New York, NY 10021",bar,,,Manhattan
Pegasus,"145 E 23rd St, New York, NY 10010",bar,,,Manhattan
Penny Lane,"220 W 49th St, New York, NY 10019",bar,,,Manhattan
Regent of Tokyo,"251 W 53rd St, New York, NY 10019",bar,,,Manhattan
Siro's,"58 E 53rd St, New York, NY 10022",bar,,,Manhattan
Sugar's,"183 W 10th St, New York, NY 10014",bar,,,Manhattan
Taggariss House,"108 E 41st St, New York, NY 10168",bar,,,Manhattan
Walter's Apartment,"1068 2nd Ave, New York, NY 10022",bar,,,Manhattan
The Copabanana,"59 Lexington Ave, New York, NY 10016",bar,,,Manhattan
Dutchess Inn,"70 Grove St, New York, NY 10014",bar,,,Manhattan
Frizby's,"531 Hudson St, New York, NY 10014",bar,,,Manhattan
The Ginza,"40 E 58th St, New York, NY 10022",bar,,,Manhattan
Jonnathans,"547 2nd Ave, New York, NY 10016",bar,,,Manhattan
John's Joynt,"1154 1st Ave., New York, NY 10065",bar,,,Manhattan
Judy's ,"255 West 43rd St, New York, NY 10036",bar,,,Manhattan
Lodge East,"1683 1st Ave, New York, NY 10128",bar,,,Manhattan
Pelican Club,"200 W 70th St, New York, NY 10023",bar,,,Manhattan
Ruby Foo,"240 W 52nd St, New York, NY 10019",bar,,,Manhattan
Something Special,"262 W 46th St, New York, NY 10036",bar,,,Manhattan
Bleeker Street,"302 Bleecker St, New York, NY 10014",bar,,,Manhattan
Hollywood!,"128 W 45th St, New York, NY 10036",bar,,,Manhattan
My Sister's Place,"2056 Broadway, New York, NY 10023",bar,,,Manhattan
The New Camp,"311 E 60th St, New York, NY 10022",bar,,,Manhattan
Shadows,"255 West 43rd St, New York, NY 10036",bar,,,Manhattan
Le Joint,"120 W 51st St, New York, NY 10019",bar,,,Manhattan
Mothers ,"267 W 23rd St, New York, NY 10011",bar,,,Manhattan
Rocco's,"139 E 34th St, New York, NY 10016",bar,,,Manhattan
Speakeasy,"2160 Broadway, New York, NY 10023",bar,,,Manhattan
Summer Stock,"232 Park Ave S, New York, NY 10003",bar,,,Manhattan
Top Banana,"858 9th Ave, New York, NY 10019",bar,,,Manhattan
Turn Table,"114 W 45th St, New York, NY 10036",bar,,,Manhattan
Angora Bar,"129 8th Ave, New York, NY 10011",bar,,,Manhattan
Bull in the Bush,"1638 2nd Ave, New York, NY 10028",bar,,,Manhattan
Chairman,"360 Lexington Ave, New York, NY 10017",bar,,,Manhattan
Ginger Bread,"232 Park Ave S, New York, NY 10003",bar,,,Manhattan
Gypsy's,"1065 1st Ave., New York, NY 10022",bar,,,Manhattan
Huey's on Hudson,"432 Hudson St, New York, NY 10014",bar,,,Manhattan
Jack of Diamonds,"1085 2nd Ave, New York, NY 10022",bar,,,Manhattan
Paisleys,"320 E 79th St, New York, NY 10075",bar,,,Manhattan
Ronnie's Roost,"2130 Broadway, New York, NY 10023",bar,,,Manhattan
Seesaw,"185 W 10th St, New York, NY 10014",bar,,,Manhattan
Top of the Pits,"230 W 74th St, New York, NY 10023",bar,,,Manhattan
Alex in Wonderland,"40 10th Ave, New York, NY 10014",bar,,,Manhattan
Centre Bar,"29 St Marks Pl, New York, NY 10003",bar,,,Manhattan
8 Christopher St. Tavern,"8 Christopher St, New York, NY 10014",bar,,,Manhattan
J's,"675 Hudson St, New York, NY 10014",bar,,,Manhattan
Last Resort,"153 1st Ave, New York, NY 10003",bar,,,Manhattan
Round-Up,"438 Hudson St, New York, NY 10014",bar,,,Manhattan
Dallas,"243 E 53rd St, New York, NY 10022",bar,,,Manhattan
GH Club,"353 E 53rd St, New York, NY 10022",bar,,,Manhattan
Razzle Dazzle,"1485 3rd Ave, New York, NY 10028",bar,,,Manhattan
Candle II,"168 Amsterdam Ave, New York, NY 10023",bar,,,Manhattan
Jaspers,"305 Columbus Ave, New York, NY 10023",bar,,,Manhattan
O'Neill's Backyard,"231 W 48th St, New York, NY 10036",bar,,,Manhattan
96 West,"168 W 96th St, New York, NY 10025",bar,,,Manhattan
Janice's Fish Place,"570 Hudson St, New York, NY 10014",bar,,,Manhattan
New Deal,"152 Spring St, New York, NY 10012",bar,,,Manhattan
Night Wing,"118 Greenwich Ave, New York, NY 10011",bar,,,Manhattan
Tempust Fugit,"178 2nd Ave, New York, NY 10003",bar,,,Manhattan
The Big Dish,"283 W 12th St, New York, NY 10014",bar,,,Manhattan
Uncle Charlie's Downtown,"56 Greenwich Ave, New York, NY 10011",bar,,,Manhattan
Village Stix,"139 Christopher St, New York, NY 10014",bar,,,Manhattan
Maneuvers,"208 W 23rd St, New York, NY 10011",bar,,,Manhattan
Pipeline,"232 8th Ave, New York, NY 10011",bar,,,Manhattan
17th St Saloon,"143 8th Ave, New York, NY 10011",bar,,,Manhattan
Candle Bar,"309 10th Ave, New York, NY 10001",bar,,,Manhattan
The Garden Club,"244 E 51st St, New York, NY 10022",bar,,,Manhattan
Ariel,"53 W 19th St, New York, NY 10011",bar,,,Manhattan
Phoenix,"73 8th Ave, New York, NY 10014",bar,,,Manhattan
The Stable,"400 W 14th St, New York, NY 10014",bar,,,Manhattan
Union Club,"110 E 14th St, New York, NY 10003",bar,,,Manhattan
Zips ,"636 Hudson St, New York, NY 10014",bar,,,Manhattan
Chaps,"176 E 87th St, New York, NY 10028",bar,,,Manhattan
Daddy's,"238 3rd Ave, New York, NY 10003",bar,,,Manhattan
La Bamba,"192 2nd Ave, New York, NY 10003",bar,,,Manhattan
Le Bar,"243 E 53rd St, New York, NY 10022",bar,,,Manhattan
Nightingale,"213 2nd Ave, New York, NY 10003",bar,,,Manhattan
Knight Deposit,"938 Amsterdam Ave, New York, NY 10025",bar,,,Manhattan
Billy's Chelsea Bar,"232 8th Ave, New York, NY 10011",bar,,,Manhattan
Bucks,"324 Amsterdam Ave, New York, NY 10023",bar,,,Manhattan
Peeches Three,"314 E 72nd St, New York, NY 10021",bar,,,Manhattan
TR's,"248 E 52nd St, New York, NY 10022",bar,,,Manhattan
Bullet Bar,"372 W 11th St, New York, NY 10014",bar,,,Manhattan
4/12 Bar,"281 W 12th St, New York, NY 10014",bar,,,Manhattan
Sticky Fingers,"87 Christopher St, New York, NY 10014",bar,,,Manhattan
La Bar,"243 E 53rd St, New York, NY 10022",bar,,,Manhattan
Sapphire Bar,"957 1st Ave., New York, NY 10022",bar,,,Manhattan
Midtown 43,"127 West 43rd St, New York, NY 10036",bar,,,Manhattan
Oh Johnny,"248 W 14th St, New York, NY 10011",bar,,,Manhattan
Tracks,"531 W 19th St, New York, NY 10011",bar,,,Manhattan
Trix,"234 W 50th St, New York, NY 10019",bar,,,Manhattan
Gas Station,"80 Grove St, New York, NY 10014",bar,,,Manhattan
Joe Allen's,"352 W 46th St, New York, NY 10036",bar,,,Manhattan
Fabric Factory,"200 W 40th St, New York, NY 10018",Bar,,,Manhattan
Nite Life/La Femme,"85 Washington Pl, New York, NY 10011",bar,,,Manhattan
Starlite Lounge,"1084 Bergen St, Brooklyn, NY 11216",bar,1962,2010,Brooklyn
Gracie's Mansion,"80 Clark Street Brooklyn, NY 11201",bar,,,Brooklyn
Monte Casino,"185 Montague St Brooklyn, NY 11201",bar,,,Brooklyn
Monte's of Henry Street,"404 Henry St Brooklyn, NY 11201",bar,,,Brooklyn
New Atlantis,"Stillwell Ave, Brooklyn, NY 11214",bar,,,Brooklyn
Outside Inn,"82-20 Baxter Ave Elmhurst, NY 11373",bar,,,Brooklyn
Tradition,"82 83rd St Brooklyn, NY 11209",bar,,,Brooklyn
Come On,"8813 Foster Ave Brooklyn, NY 11236",bar,,,Brooklyn
Uno's Café,"1051 Allerton Ave. Bronx, NY 10469",bar,,,Bronx
Beat Goes East,"601 Morris Park Ave, Bronx, NY 10460",bar,1973,,Bronx
Chez Bippy,"2207 Boller Ave, Bronx, NY 10475",bar,,,Bronx
Bum Bum Bar,"63-14 Roosevelt Ave, Flushing, NY 11377",bar,1990,2019,Queens
Our Place,"7702 Broadway, Elmhurst, NY 11373",bar,1980,1985,Queens
60-05 Club,"60-5 Metropolitan Ave Ridgewood, NY 11385",bar,,,Queens
Fountain Blue,"69-05 Queens Blvd Woodside, NY 11377",bar,,,Queens
Fireside,"30-5 Astoria Blvd Astoria, NY 11102",bar,,,Queens
Three Jolly Pigeons,"37-21 Greenpoint Ave Queens, NY 11101",bar,,,Queens
The Alley,"63-02 Roosevelt Ave Flushing, NY 11377",bar,,,Queens
Sombrero,"253-32 Northern Blvd Flushing, NY 11362",bar,,,Queens
What A Dump,"76-07 Roosevelt Ave Jackson Heights, NY 11372",bar,,,Queens
The Square Lemon,"135-06 Northern Blvd Flushing, NY 11354",bar,,,Queens
The Octagon,"73-13 37th Rd Jackson Heights, NY 11372",bar,,,Queens
Freidas Hideaway,"81-36 Baxter Ave Elmhurst, NY 11373",bar,,,Queens
Studio 88,"86-30 Roosevelt Ave Elmhurst, NY 11373",bar,,,Queens
Kathy's,"130-06 Atlantic Ave South Richmond Hill, NY 11419",bar,,,Queens
"Manhattan, A Bar","76-13 Roosevelt Ave Jackson Heights, NY 11372",bar,,,Queens
Love Boat,"7702 Broadway Elmhurst, NY 11373",bar,,,Queens
Beach Haven Bar,"901 Father Capodanno Blvd, Staten Island, NY 10305",bar,1963,1985,Staten Island
Bill Bailey's,"492 Bay St, Staten Island, NY 10304",bar,1972,1983,Staten Island
Mother Earth,"381 Van Duzer St, Staten Island, NY 10304",bar,1976,1982,Staten Island
Charade  ,"1800 2nd Ave, New York, NY 10128",bar ,,,Manhattan
Dirty Edna's ,"264 W 46th St, New York, NY 10036",bar ,,,Manhattan
Lighthouse,"2160 Broadway, New York, NY 10023",bar ,,,Manhattan
Mark East,"313 E 46th St, New York, NY 10017",bar ,,,Manhattan
Stud (International),"731 Greenwich St, New York, NY 10014",bar ,,,Manhattan
Grapevine,"161 W 47th St, New York, NY 10036",bar/cabaret,,,Manhattan
Rant,"115 Christopher St, New York, NY 10014",bar/club,,,Manhattan
Big Apple,"3338 Broadway, New York, NY 10031",bar/club,,,Manhattan
Red Rooster,"2374 7th Ave, New York, NY 10030",bar/club,,,Manhattan
Spectrum,"802 64th St Brooklyn, NY 11220",bar/disco,,,Brooklyn
Crissy T Chaps,"7507 New Utrecht Ave Brooklyn, NY 11214",bar/disco,,,Brooklyn
Hatfield's,"126- 10 Queens Blvd Richmond Hill, NY 11418",bar/disco,,,Queens
Magic Touch,"73-13 37th Rd Jackson Heights, NY 11372",bar/disco,,,Queens
Sunset Boulevard,"112-01 Queens Blvd Forest Hills, NY 11375",bar/disco,,,Queens
The Gas Station,"70 Grove St, New York, NY 10014",bar/disco  ,,,Manhattan
Mayfair Bar & Grill,"3 Hyatt St, Staten Island, NY 10301",bar/restaurant,1952,1979,Staten Island
Buddy-Buddy Club,"1400 Clove Rd, Staten Island, NY 10301",bar/restaurant,1965,1976,Staten Island
Browne and Ferri,"396 Van Duzer St, Staten Island, NY 10304",bar/restaurant,1983,1995,Staten Island
Sandpiper,"86 Mills Ave, Staten Island, NY 10305",bar/restaurant,1950,1988,Staten Island
Carmine's,"86 Mills Ave, Staten Island, NY 10305",bar/restaurant,1950,1988,Staten Island
Bonampak Mexican Restaurant,"235 E 53rd St, New York, NY 10022",bar/resturant,,,Manhattan
Caroline's,"332 8th Ave, New York, NY 10001",bar/resturant,,,Manhattan
Christopher's,"115 Christopher St, New York, NY 10014",bar/resturant,,,Manhattan
Claire Restaurant,"156 7th Ave, New York, NY 10011",bar/resturant,,,Manhattan
Eighty Eight's,"228 W 10th St, New York, NY 10014",bar/resturant,,,Manhattan
Mayfair,"964 1st Ave, New York, NY 10022",bar/resturant,,,Manhattan
Potbelly Stove,"94 Christopher St, New York, NY 10014",bar/resturant,,,Manhattan
Rounds,"303 E 53rd St, New York, NY 10022",bar/resturant,,,Manhattan
Sebastian's,"1068 1st Ave., New York, NY 10022",bar/resturant,,,Manhattan
Singles,"951 1st Ave., New York, NY 10022",bar/resturant,,,Manhattan
Sundowner's,"309 E 60th St, New York, NY 10022",bar/resturant,,,Manhattan
Hornblower's on Horatio,"59 Horatio St, New York, NY 10014",bar/resturant,,,Manhattan
Red Star Café,"400 W 12th St, New York, NY 10014",bar/resturant,,,Manhattan
Blue Fox,"131 8th Ave, New York, NY 10011",bar/resturant,,,Manhattan
McFeeley's,"565 W 23rd St, New York, NY 10011",bar/resturant,,,Manhattan
Café Society,"43 E 20th St, New York, NY 10003",bar/resturant,,,Manhattan
Farnies,"18 2nd Ave, New York, NY 10003",bar/resturant,,,Manhattan
La Stanza,"953 1st Ave., New York, NY 10022",bar/resturant,,,Manhattan
Twenty Nine Palms,"129 Lexington Ave, New York, NY 10016",bar/resturant,,,Manhattan
Yorks,"710 2nd Ave, New York, NY 10016",bar/resturant,,,Manhattan
Peeches n Creem,"408 E 64th St, New York, NY 10065",bar/resturant,,,Manhattan
Cahoots,"81 Columbus Ave, New York, NY 10023",bar/resturant,,,Manhattan
Rockinhorse,"224 Columbus Ave, New York, NY 10023",bar/resturant,,,Manhattan
22 St. Saloon,"565 W 23rd St, New York, NY 10011",bar/resturant,,,Manhattan
Andre's Bar,"2321 Frederick Douglass Blvd, New York, NY 10027",bar/resturant,,,Manhattan
23 St Saloon,"565 W 23rd St, New York, NY 10011",bar/resturant,,,Manhattan
East 53,"244 E 53rd St, New York, NY 10022",bar/resturant,,,Manhattan
Panache,"149 E 57th St, New York, NY 10022",bar/resturant,,,Manhattan
Chequers,"311 W 48th St, New York, NY 10019",bar/resturant,,,Manhattan
Breadstix,"113-24 Queens Blvd Forest Hills, NY 11375",bar/resturant,,,Queens
II Gigolo,"78-17 Roosevelt Ave Flushing, NY 11372",bar/resturant,,,Queens
Ox Cart,"78-11 Roosevelt Ave Jackson Heights, NY 11372",bar/resturant,,,Queens
Starz,"836 Grand Blvd Westbury, NY 11590",bar/resturant,,,Queens
Su-Su's Yum Yum,"60 Henry St Brooklyn, NY 11201",bar/resturant ,,,Brooklyn
Waldo's,"151 Montague St Brooklyn, NY 11201",bar/resturant ,,,Brooklyn
Censi's,"5 Front St Brooklyn, NY 11201",bar/resturant ,,,Brooklyn
Freddy's,"308 E 49th St, New York, NY 10017",bar/resturant/cabaret,,,Manhattan
New St. Marks Baths,"6 St Marks Pl, New York, NY 10003",bath,1979,1985,Manhattan
Club Baths,"24 1st Ave, New York, NY 10009",bath,,,Manhattan
Wall Street Sauna,"1 Maiden Ln, New York, NY 10038",bath,,,Manhattan
Broadway Arms,"218 W 49th St, New York, NY 10019",bath,,,Manhattan
Eastside Sauna,"227 E 56th St, New York, NY 10022",bath,,,Manhattan
42nd Street Barracks,"226 W 42nd St, New York, NY 10036",bath,,,Manhattan
Suana Bath & Health Club,"18 W 58th St, New York, NY 10019",bath,,,Manhattan
Continental Sauna,"111 W 56th St, New York, NY 10019",bath,,,Manhattan
Barracks,"226 W 42nd St, New York, NY 10036",bath,,,Manhattan
New Saint Marks ,"6 St Marks Pl, New York, NY 10003",bath,,,Manhattan
Claret Baths,"1415 Riegelmann Boardwalk, Brooklyn, NY 11224",bath,,,Brooklyn
Stauch's Baths,"2534 W 15th St, Brooklyn, NY 11214",bath,,,Brooklyn
Northern Men's Sauna,"137-08 Northern Blvd, Flushing, NY 11354",bath,,,Queens
Man's Country,"28 W 15th St, New York, NY 10011",bath/gym/fantasy rooms,,,Manhattan
Everard Baths,"28 W 28th St, New York, NY 10001",baths,1888,1986,Manhattan
Paths Untrodden Book Service,,book,,,Manhattan
Priapus Books & Films,"111 E 12th St, New York, NY 10003",book/sex shop,,,Manhattan
Christopher Street Book Shop,"500 Hudson St, New York, NY 10014",bookstore,,,Manhattan
Djuna Books,"154 W 10th St, New York, NY 10014",bookstore,1977,1982,Manhattan
Oscar Wilde Memorial Book Store,"15 Christopher St, New York, NY 10014",bookstore,1967,2009,Manhattan
Madison Card & Book Shop,"123 E 57th St, New York, NY 10022",bookstore,,,Manhattan
It's a Man's World,"287 Amsterdam Ave, New York, NY 10023",bookstore,,,Manhattan
Les Hommes Book Store,"217 W 80th St, New York, NY 10024",bookstore,,,Manhattan
Womanbooks,"201 W 92nd St, New York, NY 10025",bookstore,1975,1987,Manhattan
A Different Light,"548 Hudson St, New York, NY 10014",bookstore,,,Manhattan
Judith's Room,"681 Washington St, New York, NY 10014",bookstore,,,Manhattan
Midtown Bookstore,"318 W 42nd St, New York, NY 10036",bookstore,,,Manhattan
Ansonia Books,"170 W 74th St, New York, NY 10023",bookstore,,,Manhattan
Black Jack Books,"210 W 42nd St, New York, NY 10036",bookstore,,,Manhattan
Community Book Stores,"162 Montague St, Brooklyn, NY 11201",bookstore,1971,2024,Brooklyn
Jaybird Books,"408 Jay St, Brooklyn, NY 11201",bookstore,,,Brooklyn
Pandora Books,"88 Court St, Brooklyn, NY 11201",bookstore,,,Brooklyn
Adult Fair Cinema,"90-18 Astoria Blvd, East Elmhurst, NY 11369",bookstore,,,Queens
Royal Roost,"154 W 13th St, New York, NY 10011",cabaret,,,Manhattan
55th Street Playhouse,"7th Ave & W 55th St, New York, NY 10105",cinema,,,Manhattan
The Spartan,"220 E 59th St, New York, NY 10022",cinema,,,Manhattan
The Fair,"Astoria Blvd & 90th St Queens, NY 11369",cinema,,,Queens
Club Se Soir,"50 Watts St, New York, NY 10013",club,,,Manhattan
Park Villa II/On Stage,"70 Beach St, Staten Island, NY 10304",club,1979,1991,Staten Island
Brazil,"86 Mills Ave, Staten Island, NY 10305",club,1976,1982,Staten Island
Club Brazil,"86 Mills Ave, Staten Island, NY 10305",club,1976,1982,Staten Island
The Laundry Chute,"W 74th St & Amsterdam Ave, New York, NY 10023",coffee shop,,,Manhattan
Omnibus,"69 W 10th St, New York, NY 10011",coffee shop,,,Manhattan
Greenwich Village Waterfront,"393 West St, New York, NY 10014",cruising,1914,2001,Manhattan
Cruising Spot,"Bleecker St & Hudson St, New York, NY 10014",cruising,,,Manhattan
Cruising Spot,"Christopher St & West St, New York, NY 10014",cruising,,,Manhattan
Cruising Spot,"6th Ave & Greenwich Ave, New York, NY 10011",cruising,,,Manhattan
Metropolitan Theatre,"235 E 14th St, New York, NY 10003",cruising,,,Manhattan
Cruising Spot,"Sheridan Square, New York, NY 10014",cruising,,,Manhattan
Cruising Spot,"Weehawken St, New York, NY 10014",cruising,,,Manhattan
Cruising Spot,"West St, New York, NY",cruising,,,Manhattan
Cruising Spot (subway stations) (PENN STATION ADDRESS),"390 7th Ave., New York, NY 10001",cruising,,,Manhattan
Cruising Spot,"1471 Broadway, New York, NY 10036",cruising,,,Manhattan
Cruising Spot,"Beekman Pl, New York, NY 10022",cruising,,,Manhattan
Cruising Spot,"Bethesda Fountain, New York, NY 10024",cruising,,,Manhattan
Cruising Spot,"W 77th St & Central Park W, New York, NY  10024",cruising,,,Manhattan
Cruising Spot,"Lincoln Center Plaza, New York, NY 10023",cruising,,,Manhattan
Cruising Spot,"1000 5th Ave, New York, NY 10028",cruising,,,Manhattan
Cruising Spot,"West Side Hwy, New York, NY 10069",cruising,,,Manhattan
Cruising Spot,"W 75th St & Amsterdam Ave, New York, NY  10023",cruising,,,Manhattan
Cruising Spot,"E 70th St & Third Avenue, New York, NY  10021",cruising,,,Manhattan
Bryant Park,"W 42nd St & 5th AveNew York, NY 10036",cruising,,,Manhattan
Washington Square Park,"Washington Square, New York, NY 10012",cruising,,,Manhattan
7th Avenue IRT subway,,cruising,,,Manhattan
Christopher Street subway stop,,cruising,,,Manhattan
Bathrooms in Main and Waverly buildings of NYU campus,,cruising,,,Manhattan
Bathrooms in Columbia University's Haddon Hall,,cruising,,,Manhattan
Hunter College,,cruising,,,Manhattan
New School,"66 West 12th Street, New York, NY 10011",cruising,,,Manhattan
Beekman Place Park,"3 Mitchell Pl, New York, NY 10017",cruising,,,Manhattan
Bloomingdale's,"59th Street and, 1000 Third Avenue, Lexington Ave, New York, NY 10022",cruising,,,Manhattan
Bus Station,"628 8th Ave, New York, NY 10018",cruising,,,Manhattan
Cruising Spot,"225 W 42nd St, New York, NY 10036",cruising,,,Manhattan
Riverside Park,"R25M+R3, New York, NY 10025",cruising,,,Manhattan
Cruising Spot,"915 3rd Ave, New York, NY 10022",cruising,,,Manhattan
Tunnel cruising spot,"547 W 20th St, New York, NY 10011",cruising,,,Manhattan
Macy's,"450 7th Ave, New York, NY 10123",cruising,,,Manhattan
Cameo Theatre,"128 W 44th St, New York, NY 10036",cruising,,,Manhattan
Brooklyn Heights Promenade,"5-1 Remsen St, Brooklyn, NY 11201",cruising,1952,1990,Brooklyn
Brooklyn College,"2900 Bedford Avenue Brooklyn, NY 11210",cruising,,,Brooklyn
Orchard Beach,"Orchard Beach Cir, City Island Rd, Bronx, NY 10464",cruising,1937,1995,Bronx
Riis Park Beach,"157 Rockaway Beach Blvd, Rockaway Park, NY 11694",cruising,,,Queens
Cruising Spot,"115-98 Park Ln S, Jamaica, NY 11418",cruising,,,Queens
Cruising Spot,"65-30 Kissena Blvd, Queens, NY 11367",cruising,,,Queens
Cruising Spot,"106-21 68th Ave, Queens, NY 11375",cruising,,,Queens
Cruising Spot,"68-12 37th Rd, Woodside, NY 11377",cruising,,,Queens
Automat,"40 W 57th St, New York, NY 10019",cruising ,,,Manhattan
"South Beach, Franklin D. Roosevelt Boardwalk & Parking Lots","642 Father Capodanno Blvd, Staten Island, NY 10305",cruising ,1960,2010,Staten Island
Variety Theater,"111 3rd Ave, New York, NY 10003",cruising at movies,,,Manhattan
Park Miller Theater,"151 W 42nd St, New York, NY 10036",cruising at movies,,,Manhattan
The David,"236 W 55th St, New York, NY 10019",cruising at movies,,,Manhattan
Tomcat Theater,"424 W 42nd St, New York, NY 10036",cruising at movies,,,Manhattan
The Kings,"236 W 50th St, New York, NY 10019",cruising at movies,,,Manhattan
Elgin Theater,"176 8th Ave, New York, NY 10011",cruising at movies,,,Manhattan
New Yorker,"2418 Broadway, New York, NY 10024",cruising at movies,,,Manhattan
Thalia,"2541 Broadway, New York, NY 10025",cruising at movies,,,Manhattan
Riverside,"2568 Broadway, New York, NY 10025",cruising at movies,,,Manhattan
Studio 54 (originally Gallo Opera House),"254 W 54th St, New York, NY 10019",disco,1977,1986,Manhattan
The Saint,"105 2nd Ave, New York, NY 10003",disco,1980,1988,Manhattan
Crisco Disco,"9th Ave & W 15th St, New York, NY 10011",disco,,,Manhattan
Fudge Factory,"308 E 59th St, New York, NY 10022",disco,,,Manhattan
Le Jardin,"110 West 43rd St, New York, NY 10036",disco,,,Manhattan
Fridas's,"25 3rd Ave, New York, NY 10003",disco,,,Manhattan
The Ring,"180 Christopher St, New York, NY 10014",disco,,,Manhattan
The River Club,"491 West St, New York, NY 10014",disco,,,Manhattan
Stix ,"304 E 39th St, New York, NY 10016",disco,,,Manhattan
El Castillo Rojo,"252 West 43rd St, New York, NY 10036",disco,,,Manhattan
Warehouse  ,"201 W 75th St, New York, NY 10023",disco,,,Manhattan
Palace,"110 E 14th St, New York, NY 10003",disco,,,Manhattan
220 Club,"220 W Houston St, New York, NY 10014",disco,,,Manhattan
Tory's,"119 E 27th St, New York, NY 10016",disco,,,Manhattan
Le Trianon,"74 E 13th St, New York, NY 10003",disco,,,Manhattan
Soundscape,"500 W 52nd St, New York, NY 10019",disco,,,Manhattan
Saturday Night Dance Club,"531 W 19th St, New York, NY 10011",disco,,,Manhattan
Hot Ice,"57 W 57th St, New York, NY 10019",disco,,,Manhattan
Network,"579 6th Ave, New York, NY 10011",disco,,,Manhattan
Tropicalia,"1634 3rd Ave, New York, NY 10128",disco,,,Manhattan
Marquee,"439 W 46th St, New York, NY 10036",disco,,,Manhattan
Resurrection,"316 W 49th St, New York, NY 10019",disco,,,Manhattan
Sweet Sensation,"2527 65th St Brooklyn, NY 11204",disco,,,Brooklyn
Beritz,"7507 New Utrecht Ave Brooklyn, NY 11214",disco,,,Brooklyn
"Benton-Smith, Ltd","56 E Mt Eden Ave, Bronx, NY 10452",disco,,,Bronx
Star Wars Disco,"79-24 Cypress Ave, Flushing, NY 11385",disco,,,Queens
Zodiac 2000,"63-12 Broadway Woodside, NY 11377",disco,,,Queens
Collage,"63-12 Broadway Woodside, NY 11377",disco,,,Queens
Blueboy Disco,"96-22 Queens Blvd Rego Park, NY 11374",disco,,,Queens
Arch,"616 39th Ave Woodside, NY 11377",disco,,,Queens
Underground,"390 West St, New York, NY 10014",erotica,,,Manhattan
Ann Street Adult Entertainment Center,"21 Ann St, New York, NY 10038",erotica,,,Manhattan
Come Again,"353 E 53rd St, New York, NY 10022",erotica,,,Manhattan
Courageous Books,"250 W 42nd St, New York, NY 10036",erotica,,,Manhattan
Eros I Cinema,"732 8th Ave, New York, NY 10036",erotica,,,Manhattan
G & A Books Inc,"251 W 42nd St, New York, NY 10036",erotica,,,Manhattan
G&D Merchandise,"113 W 42nd St, New York, NY 10036",erotica,,,Manhattan
Gay Treasures,"546 Hudson St, New York, NY 10014",erotica,,,Manhattan
Harmony Video,"139 Christopher St, New York, NY 10014",erotica,,,Manhattan
International Film & Video,"453 W 47th St, New York, NY 10036",erotica,,,Manhattan
New World Video,"201 E 14th St, New York, NY 10003",erotica,,,Manhattan
"117 Christopher Video, Inc.","117 Christopher St, New York, NY 10014",erotica,,,Manhattan
Pink Pussycat Boutique,"161 West 4th Street, New York, NY 10014",erotica,,,Manhattan
Ricky's Place (downstairs),"210 W 42nd St, New York, NY 10036",erotica,,,Manhattan
Show Palace/ SLR Merchandising,"672 8th Ave, New York, NY 10036",erotica,,,Manhattan
Two-Fifty Book Center,"250 W 42nd St, New York, NY 10036",erotica,,,Manhattan
Underground Leather,"390 West St, New York, NY 10014",erotica,,,Manhattan
World of Video,"178 7th Ave S, New York, NY 10014",erotica,,,Manhattan
Xtasy Down Under Male Emporium,"691 8th Ave, New York, NY 10036",erotica,,,Manhattan
Sentry Uniform Cap,"106 New Lots Ave Brooklyn, NY 11212",erotica,,,Brooklyn
Flushing Adult Books & Video (2nd floor),"36-39 Main St Flushing, NY 11354",erotica,,,Queens
The Noose,"261 W 19th St, New York, NY 10011",erotica ,,,Manhattan
Eve's Garden,"119 W 57th St, New York, NY 10019","erotica, Tues-Sat noon-six",,,Manhattan
New Male Box,"210 W 42nd St, New York, NY 10036",erotica/cruising,,,Manhattan
Leather Loft,"313 Amsterdam Ave, New York, NY 10023",gay department store,,,Manhattan
Laminations,"39 Christopher St, New York, NY 10014",gift shop,,,Manhattan
Sheridan Square Health Club,4th and Christopher Streets (Greenwich Village),gym,,,Manhattan
Chelsea Gym,"267 W 17th St, New York, NY 10011",gym,,,Manhattan
East Side Club,"227 E 56th St, New York, NY 10022",health club,,,Manhattan
William Sloane House YMCA,"356 W 34th St, New York, NY 10001",hotel,,,Manhattan
West Side YMCA,"5 W 63rd St, New York, NY 10023",hotel,,,Manhattan
Hotel St. George,"51 Clark St, Brooklyn, NY 11201",hotel,1920,1978,Brooklyn
Albert Hotel,"23 E 10th St, New York, NY 10003",hotel  ,,,Manhattan
Earle Hotel,"103 Waverly Pl, New York, NY 10011",hotel  ,,,Manhattan
Manhattan Towers,"Broadway & W 76th St, New York, NY 10024",hotel  ,,,Manhattan
Marlton Hotel,"5 W 8th St, New York, NY 10011",hotel  ,,,Manhattan
Sutton East,"330 E 56th St, New York, NY 10022",hotel  ,,,Manhattan
Scott Hotel,"132 W 45th St, New York, NY 10036",hotel  ,,,Manhattan
Times Square Motor Inn,"W 43rd St & 8th Ave, New York, NY 10036",hotel  ,,,Manhattan
Van Rensselaser Hotel,"15 E 11th St, New York, NY 10003",hotel  ,,,Manhattan
YMCA- William Sloane House,"356 W 34th St, New York, NY 10001",hotel  ,,,Manhattan
YMCA- West Side Branch,"5 W 63rd St, New York, NY 10023",hotel  ,,,Manhattan
Amandia House,"722 St Nicholas Ave, New York, NY 10031",hotel  ,,,Manhattan
Chelsea Mews Guest House,"344 W 15th St, New York, NY 10011",hotel  ,,,Manhattan
Chelsea Pines Inn,"317 W 14th St, New York, NY 10014",hotel  ,,,Manhattan
Colonial House Inn,"318 W 22nd St, New York, NY 10011",hotel  ,,,Manhattan
Incentra Village House,"32 8th Ave, New York, NY 10014",hotel  ,,,Manhattan
Seaport Bed & Breakfast,"27 Peck Slip, New York, NY 10038",hotel  ,,,Manhattan
David Manscuso Residence/The Loft,"645-547 Broadway, New York, NY 10012",house party,1970,1974,Manhattan
Twelve West,"461 West St, New York, NY 10014",juice bar,,,Manhattan
Tenth of Always,"82 W 3rd St, New York, NY 10012",juice bar,1968,1972,Manhattan
Shaft,"181 2nd Ave, New York, NY 10003",juice bar,,,Manhattan
The Jungle,"303 E 60th St, New York, NY 10022",juice bar,,,Manhattan
The Zoo,"303 E 60th St, New York, NY 10022",juice bar,,,Manhattan
Eagle Leathers,"P.O. Box 441 Canal Street Station, New York, NY. 10013",leather mail order,,,Manhattan
Cherry Grove East,"200 E 14th St, New York, NY 10003",massage,,,Manhattan
Trojan's Den,"162 W 34th St, New York, NY 10001",massage,,,Manhattan
Mini,"727 7th Ave, New York, NY 10019",movies,,,Manhattan
News Stand,"W 42nd St &, 7th Ave, New York, NY 10036",newsstand,,,Manhattan
Club 82,"82 E 4th St, New York, NY 10003",night club,1953,1973,Manhattan
Meow Mix,"269 E Houston St, New York, NY 10002",night club,1996,2004,Manhattan
Paradise Garage,"84 King St, New York, NY 10014",night club,1977,1987,Manhattan
Bon Soir,"40 W 8th St, New York, NY 10011",night club,,,Manhattan
Crazy Horse,"149 Bleecker St, New York, NY 10012",night club,,,Manhattan
Eighty-two Club,"82 E 4th St, New York, NY 10003",night club,,,Manhattan
Red Parrot,"617 W 57th St, New York, NY 10019",night club,,,Manhattan
Plaza Theatre,"314 Flatbush Ave Brooklyn, NY 11217",porn theatre/crusing,,,Brooklyn
The New Gallery (in Van Rensselaer Hotel),"15 E 11th St, New York, NY 10003",private club,,,Manhattan
Corduroy Club,"240 W 38th St, New York, NY 10018",private club,,,Manhattan
The Den,"Greenwich St & W 12th St, New York, NY 10014",private club,,,Manhattan
The Great Society,"2nd Ave & E 14th St, New York, NY 10003",private club,,,Manhattan
Mystique East,"256 E 49th St, New York, NY 10022",private club,,,Manhattan
NY Motorbike Club,"149 W 21st St, New York, NY 10011",private club,,,Manhattan
Table Top Club,"E 93rd St & 3rd Ave, New York, NY 10128",private club,,,Manhattan
Two Penny Club,"36 E 30th St, New York, NY 10016",private club,,,Manhattan
Scotland Yard,"146 West 4th Street, New York, NY 10012",private club,,,Manhattan
Manhole,"28 9th Ave, New York, NY 10014",private club,,,Manhattan
Mood Club,"77 White St, New York, NY 10013",private club,,,Manhattan
The Nine Plus,"202 8th Ave, New York, NY 10011",private club,,,Manhattan
El Baron Club,"74-02 Eliot Ave, Flushing, NY 11379",private club,,,Queens
Cheeks,"644 Roosevelt Ave Woodside, NY 11377",private club,,,Queens
Starship Discovery I,"350 W 42nd St, New York, NY 10036",private disco/cabaret,,,Manhattan
Pompier Restaurant,"82 W 3rd St, New York, NY 10012",resturant,1960,1967,Manhattan
One Potato,"518 Hudson St, New York, NY 10014",resturant,,,Manhattan
Pershings,"234 Columbus Ave, New York, NY 10023",resturant,,,Manhattan
Grand Sea Palace,"346 W 46th St, New York, NY 10036",resturant,,,Manhattan
Max Seafood Restaurant,"305 West End Ave, New York, NY 10023",resturant,,,Manhattan
Pier Nine,"215 2nd Ave, New York, NY 10003",resturant,,,Manhattan
Sazerac House,"533 Hudson St, New York, NY 10014",resturant,,,Manhattan
Tiffany II Restaurant,"222 West 4th Street, New York, NY 10014",resturant,,,Manhattan
The Townhouse Restaurant,"206 E 58th St, New York, NY 10022",resturant,,,Manhattan
El Mirador,"899 1st Ave, New York, NY 10022",resturant,,,Manhattan
Luigi II ,"104 W 13th St, New York, NY 10011",resturant,,,Manhattan
Male Box,"1716 2nd Avenue, New York, NY 10128",resturant,,,Manhattan
Rafiki,"170 Avenue A, New York, NY 10009",resturant,,,Manhattan
The Striped Shirt,"1393 2nd Ave, New York, NY 10021",resturant,,,Manhattan
The Forest,"1436 3rd Ave, New York, NY 10028",resturant,,,Manhattan
Gilded Grape,"719 8th Ave, New York, NY 10036",resturant,,,Manhattan
Hungry Hildas,"709 8th Ave, New York, NY 10036",resturant,,,Manhattan
Ronnie's Supper Club,"324 E 49th St, New York, NY 10022",resturant,,,Manhattan
The Ice Cream Connection,"24 St Marks Pl, New York, NY 10003",resturant,,,Manhattan
Beths,"1623 2nd Ave, New York, NY 10028",resturant,,,Manhattan
Dazzels,"180 Columbus Ave, New York, NY 10023",resturant,,,Manhattan
Yellow Brick Road,"228 W 10th St, New York, NY 10014",resturant,,,Manhattan
Ye Waverly Inn,"16 Bank St, New York, NY 10014",resturant,,,Manhattan
Pete's Café,"135 8th Ave, New York, NY 10011",resturant,,,Manhattan
Belvedere,"239 3rd Ave, New York, NY 10003",resturant,,,Manhattan
Old Forge,"179 3rd Ave, New York, NY 10003",resturant,,,Manhattan
Patrick's,"142 W 10th St, New York, NY 10014",resturant,,,Manhattan
Rumbul's,"20 Christopher St, New York, NY 10014",resturant,,,Manhattan
Cajun,"129 8th Ave, New York, NY 10011",resturant,,,Manhattan
Chelsea Big Wok,"207 10th Ave, New York, NY 10011",resturant,,,Manhattan
Boodles,"1478 1st Ave., New York, NY 10075",resturant,,,Manhattan
La Boutique Fantastique Café,"215 W 92nd St, New York, NY 10025",resturant,,,Manhattan
Tyson's Restaurant,"756 9th Ave, New York, NY 10019",resturant,,,Manhattan
Van Buren,"349 W 46th St, New York, NY 10036",resturant,,,Manhattan
Monster,"80 Grove St, New York, NY 10014",resturant,,,Manhattan
Pete's Place,"317 E 5th St, New York, NY 10003",resturant,,,Manhattan
Wine Press,"1160 1st Ave., New York, NY 10065",resturant,,,Manhattan
Pharoah,"8 Christopher St, New York, NY 10014",resturant,,,Manhattan
Crawfords,"957 1st Ave, New York, NY 10022",resturant,,,Manhattan
Nightbird,"92 2nd Ave, New York, NY 10003",resturant,,,Manhattan
Silver lining,"349 W 46th St, New York, NY 10036",resturant,,,Manhattan
SOB's,"204 Varick St, New York, NY 10014",resturant,,,Manhattan
Waverly Waverly,"147 Waverly Pl, New York, NY 10014",resturant,,,Manhattan
Van D's,"123 E 18th St, New York, NY 10003",resturant,,,Manhattan
Shescape,"41 E 58th St, New York, NY 10022",resturant,,,Manhattan
Holland,"351 W 42nd St, New York, NY 10036",resturant,,,Manhattan
Las Ventanas Restaurant,"329 Bleecker St, New York, NY 10014",resturant,,,Manhattan
Scaramouche Rest.,"157 Duane St, New York, NY 10013",resturant,,,Manhattan
Rogers Restaurant,"21 Greenwich Ave, New York, NY 10014",resturant,,,Manhattan
Mim's Restaurant,"8 Christopher St, New York, NY 10014",resturant,,,Manhattan
Belly Button,"68 Greenwich Ave, New York, NY 10011",resturant,,,Manhattan
Casa Laredo,"551 Hudson St, New York, NY 10014",resturant,,,Manhattan
Frisby,"530 Hudson St, New York, NY 10014",resturant,,,Manhattan
Gallery,"77 Christopher St, New York, NY 10014",resturant,,,Manhattan
Le Jules Verne,"189 W 10th St, New York, NY 10014",resturant,,,Manhattan
Mother Courage,"343 W 11th St, New York, NY 10014",resturant,1972,1977,Manhattan
Silver Dollar,"163 Christopher St, New York, NY 10014",resturant,,,Manhattan
Tor ,"21 Greenwich Ave, New York, NY 10014",resturant,,,Manhattan
Third Avenue El,"895 3rd Ave, New York, NY 10022",resturant,,,Manhattan
Luizzi's,"180 Prince St, New York, NY 10012",resturant,,,Manhattan
Fanelli's,"94 Prince St, New York, NY 10012",resturant,,,Manhattan
Spring Street Restaurant and Bar,"162 Spring St, New York, NY 10012",resturant,,,Manhattan
The Ballroom,"458 W Broadway, New York, NY 10012",resturant,,,Manhattan
E & H Kast,"152 Spring St, New York, NY 10012",resturant,,,Manhattan
Empire Diner,"154 11th Ave, New York, NY 10011",resturant,,,Manhattan
Silhouette,"53 W 19th St, New York, NY 10011",resturant,,,Manhattan
Applause,"360 Lexington Ave, New York, NY 10017",resturant,,,Manhattan
Les Nuages,"1436 3rd Ave, New York, NY 10028",resturant,,,Manhattan
Junior's,"585 Fulton St # 2, Brooklyn, NY 11201",resturant,,,Brooklyn
Il Gamberetto,"555 3rd Ave, New York, NY 10016",resturant/cabaret,,,Manhattan
La Cage Aux Folles,"334 E 73rd St, New York, NY 10021",resturant/cabaret,,,Manhattan
Priory,"224 E 53rd St, New York, NY 10022",resturant/cabaret,,,Manhattan
The East Five Three,"244 E 53rd St, New York, NY 10022",resturant/cabaret,,,Manhattan
TJ's,"957 1st Ave., New York, NY 10022",resturant/cabaret,,,Manhattan
Upstream,"150 E 39th St, New York, NY 10016",resturant/cabaret,,,Manhattan
46th Street,"343 W 46th St, New York, NY 10036",resturant/cabaret,,,Manhattan
Jason's Park Royal,"23 W 73rd St, New York, NY 10023",resturant/cabaret,,,Manhattan
Mickey's,"44 W 54th St, New York, NY 10019",resturant/cabaret,,,Manhattan
Onstage,"349 W 46th St, New York, NY 10036",resturant/cabaret,,,Manhattan
Inner Circle,"13 Jane St, New York, NY 10014",resturant/cabaret,,,Manhattan
Scotts on Tenth,"130 10th Ave, New York, NY 10011",resturant/cabaret,,,Manhattan
Rex Café Expresso,"161 Prince St, New York, NY 10012",resturant/café,,,Manhattan
Legend Gallery,"152 7th Ave S, New York, NY 10014",sex shop,,,Manhattan
Leather Rack,"247 W 42nd St, New York, NY 10036",sex shop,,,Manhattan
Marquis de Suede,"20 W 22nd St, New York, NY 10010",sex shop,,,Manhattan
Hernando's,"9 Christopher St, New York, NY 10014",sex shop,,,Manhattan
Kauffman Saddlery Co,"139 E 24th St, New York, NY 10010",sex shop,,,Manhattan
Ron Alter Designs,"167 8th Ave, New York, NY 10011",sex shop,,,Manhattan
Jorge Menendez,"444 Central Park W, New York, NY 10025",sex shop,,,Manhattan
Amsterdam,"214 W 42nd St, New York, NY 10036",theatre,,,Manhattan
Appolo,"223 W 42nd St, New York, NY 10036",theatre,,,Manhattan
Empire,"W 42nd St & 8th Ave, New York, NY 10036",theatre,,,Manhattan
Lyric,"229 W 42nd St, New York, NY 10036",theatre,,,Manhattan
Selwyn,"239 W 42nd St, New York, NY 10036",theatre,,,Manhattan
Boots and Saddle,"100a 7th Ave S, New York, NY 10014",,,,Manhattan
Boy Bar,"15 St Marks Pl, New York, NY 10003",,,,Manhattan
"Café con Leche, Club Expo/Kit Kat Klub","124 W 43rd St, New York, NY 10036",,,,Manhattan
Central Park,"Central Park, New York, NY  10028",,,,Manhattan
Chi Chiz,"135 Christopher St, New York, NY 10014",,,,Manhattan
Club Fahrenheit,"349 Broadway, New York, NY 10013",,,,Manhattan
Continental Baths at the Ansonia Hotel,"230 W 74th St, New York, NY 10023",,,,Manhattan
Crazy Nanny's,"21 7th Ave S, New York, NY 10014",,,,Manhattan
Duchess/Grove/Pandora's Box,"70 Grove St, New York, NY 10014",,,,Manhattan
Escuelita,"301 W 39th St, New York, NY 10018",,,,Manhattan
Flamingo East,"219 2nd Ave, New York, NY 10003",,,,Manhattan
"Foxy, Velvet","167 Avenue A, New York, NY 10009",,,1998,Manhattan
Life,"158 Bleecker St, New York, NY 10012",,,,Manhattan
Limelight,"47 W 20th St, New York, NY 10011",,,,Manhattan
Mt. Morris Baths,"28 W 125th St, New York, NY 10027",,,,Manhattan
Ninth Circle,"169 W 10th St, New York, NY 10014",,,,Manhattan
Octagon,"555 W 33rd St, New York, NY 10001",,,,Manhattan
Pieces,"8 Christopher St, New York, NY 10014",,,,Manhattan
Pryamid,"101 Avenue A, New York, NY 10009",,,,Manhattan
Roxy,"515 W 18th St, New York, NY 10011",,,,Manhattan
Splash,"50 W. 17th St, New York, NY 10011",,,,Manhattan
Don Hill's,"511 Greenwich StNew York, NY 10013",,,,Manhattan
Sugar Babies,"17 Irving Pl, New York, NY 10003",,,,Manhattan
"Suspect, Nowbar","7th Ave S & Leroy St, New York, NY 10014",,,,Manhattan
The Anvil,"500 W 14th St, New York, NY 10014",,,,Manhattan
The Barefoot Boy,"309 East 39th Street at Second Ave, New York, NY 10016",,,,Manhattan
The Candle Bar,"309 Amsterdam Ave, New York, NY 10023",,,,Manhattan
The Cock Ring,"180 Christopher St, New York, NY 10014",,,,Manhattan
The International Stud,"733 Greenwich St, New York, NY 10014",,,,Manhattan
The Mine Shaft,"835 Washington St, New York, NY 10014",,,,Manhattan
The Monster,"80 Grove St, New York, NY 10014",,,,Manhattan
The Toliet,"400 W 14th St, New York, NY 10014",,,,Manhattan
Townhouse,"236 E 58th St, New York, NY 10022",,,,Manhattan
Tunnel,"220 12th Ave, New York, NY 10001",,,,Manhattan
Twilo,"530 W 27th St, New York, NY 10001",,,,Manhattan
Vinyl,"6 Hubert St, New York, NY 10013",,,,Manhattan
Badlands,"West St/Christopher St, New York, NY 10014",,,,Manhattan
Barbary Coast,"64 7th Avenue, New York, NY 10011",,,,Manhattan
Beau Geste,"239 3rd Ave, New York, NY 10003",,,,Manhattan
Big Dish,"383 W 12th St, New York, NY 10014",,,,Manhattan
Big Wok,"753 Washington St, New York, NY 10014",,,,Manhattan
Black Sheep,"342 W 11th St, New York, NY 10014",,,,Manhattan
Blue Skies,"183 W 10th St, New York, NY 10014",,,,Manhattan
Blowfish,"551 Hudson Street, New York, NY 10014",,,,Manhattan
Carr's,"204 W 10th St, New York, NY 10014",,,,Manhattan
Casa Paco,"330 Bleecker St, New York, NY 10014",,,,Manhattan
Cave,"24 E 22nd St, New York, NY 10010",,,,Manhattan
Cell Block,"372 W 11th St, New York, NY 10014",,,,Manhattan
Charlie & Kelly's,"259 West 4th Street, New York, NY 10014",,,,Manhattan
Chez Stadium,"56 Greenwich Ave, New York, NY 10011",,,,Manhattan
Clyde's,"340 Bleecker St, New York, NY 10014",,,,Manhattan
Danny's First,"139 Christopher St, New York, NY 10014",,,,Manhattan
David's Pot Belly ,"98 Christopher St, New York, NY 10014",,,,Manhattan
Duff's,"115 Christopher St, New York, NY 10014",,,,Manhattan
Duplex,"55 Grove St, New York, NY 10014",,,,Manhattan
Eagle's Nest,"11th Ave & W 21st St, New York, NY 10011",,,,Manhattan
Fedora's,"239 West 4th Street, New York, NY 10014",,,,Manhattan
Five Oaks,"49 Grove St, New York, NY 10014",,,,Manhattan
Four Eleven,"411 Bleecker St, New York, NY 10014",,,,Manhattan
Flamingo   ,"599 Broadway, New York, NY 10012",,,,Manhattan
Gables,"W 10th St & 7th Ave S, New York, NY 10014",,,,Manhattan
Glory Hole,"130 11th Ave, New York, NY 10011",,,,Manhattan
Horn of Plenty,"91 Charles St, New York, NY 10014",,,,Manhattan
Inferno,"5 W 19th St, New York, NY 10011",,,,Manhattan
Infinity,"653 Broadway, New York, NY 10012",,,,Manhattan
Jan Wallman's,"28 Cornelia St, New York, NY 10014",,,,Manhattan
Jeffrey's,"228 W 10th St, New York, NY 10014",,,,Manhattan
Jewel Theatre,"100 3rd Ave, New York, NY 10003",,,,Manhattan
Keller's,"384 West St, New York, NY 10014",,,,Manhattan
Kelly's Village West,"46 Bedford St, New York, NY 10014",,,,Manhattan
Leather Man,"85 Christopher St, New York, NY 10014",,,,Manhattan
Les Mouches,"260 W 11th St, New York, NY 10014",,,,Manhattan
Little Peter's,"St Marks Pl & 3rd Ave, New York, NY 10003",,,,Manhattan
Manhattan South,"1 Sheridan Square, New York, NY 10014",,,,Manhattan
Marie's Crisis,"59 Grove St, New York, NY 10014",,,,Manhattan
M.C.C.,"26 9th Ave, New York, NY 10014",,,,Manhattan
Nite Life,"85 Washington Pl, New York, NY 10011",,,,Manhattan
"One If By Land, Two If By Sea","17 Barrow St, New York, NY 10014",,,,Manhattan
Paula's,"64 Greenwich Ave, New York, NY 10011",,,,Manhattan
Pennyfeathers,"89 7th Ave, New York, NY 10011",,,,Manhattan
Peter Rabbit,"305 W 10th St, New York, NY 10014",,,,Manhattan
Pleasure Chest,"152 7th Ave S, New York, NY 10014",,,,Manhattan
Reno Sweeney,"126 W 13th St, New York, NY 10011",,,,Manhattan
Ruins (Flicks),"158 Perry St, New York, NY 10014",,,,Manhattan
Silouette,"53 W 19th St, New York, NY 10011",,,,Manhattan
Sneakers,"392 West St, New York, NY 10014",,,,Manhattan
Spike Bar,"120 11th Ave, New York, NY 10011",,,,Manhattan
Stallion,"277 Bleecker St, New York, NY 10014",,,,Manhattan
Strap,"130 10th Ave, New York, NY 10011",,,,Manhattan
Studio Book Store,"178 Christopher St, New York, NY 10014",,,,Manhattan
The Bar ,"68 2nd Ave, New York, NY 10003",,,,Manhattan
Trilogy,"135 Christopher St, New York, NY 10014",,,,Manhattan
Two Twenty Club,"220 W Houston St, New York, NY 10014",,,,Manhattan
Ty's,"114 Christopher St, New York, NY 10014",,,,Manhattan
Uncle Paul's,"8 Christopher St, New York, NY 10014",,,,Manhattan
Village Garden,"West 4th Street & Charles St, New York, NY 10014",,,,Manhattan
Village Green,"531 Hudson St, New York, NY 10014",,,,Manhattan
Adonis Cinema,"8th Ave & W 50th St, New York, NY 10019",,,,Manhattan
Backstage,"318 W 45th St, New York, NY 10036",,,,Manhattan
Backyard,"243 E 53rd St, New York, NY 10022",,,,Manhattan
Barnum Room ,"128 W 45th St, New York, NY 10036",,,,Manhattan
Beacon Baths,"227 E 45th St, New York, NY 10017",,,,Manhattan
Better Days,"316 W 49th St, New York, NY 10019",,,,Manhattan
Big Top Theatre,"1604 Broadway, New York, NY 10019",,,,Manhattan
Bike Stop East,"381 3rd Ave, New York, NY 10016",,,,Manhattan
Club 1032,"1032 2nd Ave, New York, NY 10022",,,,Manhattan
Company,"365 3rd Ave, New York, NY 10016",,,,Manhattan
Cowboy & Cowgirl,"244 E 53rd St, New York, NY 10022",,,,Manhattan
Crossroad,"858 9th Ave, New York, NY 10019",,,,Manhattan
Dakota,"550 3rd Ave, New York, NY 10016",,,,Manhattan
Den,"264 W 43rd St, New York, NY 10036",,,,Manhattan
Eros Male Cinema,"732 8th Ave, New York, NY 10036",,,,Manhattan
Follies,"232 W 48th St, New York, NY 10036",,,,Manhattan
Gaiety Male Burlesk,"201 W 46th St, New York, NY 10036",,,,Manhattan
G.G. Knickerbocker,"128 W 45th St, New York, NY 10036",,,,Manhattan
G. H. Club,"353 E 53rd St, New York, NY 10022",,,,Manhattan
Haymarket,"772 8th Ave, New York, NY 10036",,,,Manhattan
Ice Palace 57,"57 W 57th St, New York, NY 10019",,,,Manhattan
Johnny's Pub,"123 E 47th St, New York, NY 10017",,,,Manhattan
King's All Male Theatre,"236 W. 50th Street, New York, NY 10019",,,,Manhattan
La Fiesta,"253 W 46th St, New York, NY 10036",,,,Manhattan
Last Call,"975 2nd Ave, New York, NY 10022",,,,Manhattan
La Stanza,"953 1st Ave, New York, NY 10022",,,,Manhattan
Neptune's Pub,"730 8th Ave, New York, NY 10036",,,,Manhattan
New David Cinema,"236 W 54th St, New York, NY 10019",,,,Manhattan
"New York, New York","33 E 52nd St, New York, NY 10022",,,,Manhattan
Ossi Guest House,"358 W 30th St, New York, NY 10001",,,,Manhattan
Paradise  ,"35 W 43rd St, New York, NY 10036",,,,Manhattan
Pigalle Pigalle,"1047 2nd Ave, New York, NY 10022",,,,Manhattan
Place Across the Street,"56 W 46th St, New York, NY 10036",,,,Manhattan
Pleasure Chest,"939 2nd Ave, New York, NY 10022",,,,Manhattan
Prive,"1st Ave. & E 59th St, New York, NY 10022",,,,Manhattan
Ramrod Theatre,"210 W 49th St, New York, NY 10019",,,,Manhattan
Regency East,"204 E 58th St, New York, NY 10022",,,,Manhattan
Rendezvous Book Store,"38 W 28th St, New York, NY 10001",,,,Manhattan
Sauna Baths,"300 W 58th St, New York, NY 10019",,,,Manhattan
Singles,"951 1st Ave, New York, NY 10022",,,,Manhattan
Solos,"248 E 52nd St, New York, NY 10022",,,,Manhattan
Tijuana Cat,"350 W 46th St, New York, NY 10036",,,,Manhattan
Tom Cat Book Store,"38 W 28th St, New York, NY 10001",,,,Manhattan
Uncle Charlie's Restaurant,"542 3rd Ave, New York, NY 10016",,,,Manhattan
Uncle Charlie's South,"581 3rd Ave, New York, NY 10016",,,,Manhattan
York's Restaurant,"710 2nd Ave, New York, NY 10016",,,,Manhattan
Andre's,"W 125th St & Frederick Douglass Blvd, New York, NY 10027",,,,Manhattan
Bike Stop West,"230 W 75th St, New York, NY 10023",,,,Manhattan
Boot Hill,"317 Amsterdam Ave, New York, NY 10023",,,,Manhattan
Bushes,"23 W 73rd St, New York, NY 10023",,,,Manhattan
Chap's,"1558 3rd Ave, New York, NY 10128",,,,Manhattan
Chez Roman,"1406 3rd Ave, New York, NY 10075",,,,Manhattan
Dapper & Friends,"350 E 81st St, New York, NY 10028",,,,Manhattan
David  ,"1007 Lexington Ave, New York, NY 10021",,,,Manhattan
Fulton's Sidewalk Café,"2061 Broadway, New York, NY 10023",,,,Manhattan
Grand Finale,"210 W 70th St, New York, NY 10023",,,,Manhattan
Half Breed,"168 Amsterdam Ave, New York, NY 10023",,,,Manhattan
Hurrah,"36 W 62nd St, New York, NY 10023",,,,Manhattan
Harry's Back East,"1422 3rd Ave, New York, NY 10028",,,,Manhattan
Main Man ,"305 Columbus Ave, New York, NY 10023",,,,Manhattan
Nickel Bar,"127 W 72nd St, New York, NY 10023",,,,Manhattan
Numbers,"2057 Broadway, New York, NY 10023",,,,Manhattan
Painted Pony,"1485 3rd Ave, New York, NY 10028",,,,Manhattan
Peeche,"1200 Lexington Ave, New York, NY 10028",,,,Manhattan
Sahara,"1234 2nd Ave, New York, NY 10065",,,,Manhattan
Stormy Weather,"1574 2nd Ave, New York, NY 10028",,,,Manhattan
Twilight,"1463 3rd Ave, New York, NY 10028",,,,Manhattan
Uncle Charlie's North,"1049 Lexington Ave, New York, NY 10021",,,,Manhattan
Warehouse Pier 51,"324 Amsterdam Ave, New York, NY 10023",,,,Manhattan
Wildwood Tavern,"308 Columbus Ave, New York, NY 10023",,,,Manhattan
Bali Club,"234 W 50th St, New York, NY 10019",,,,Manhattan
The Bridge,"335 E 58th St, New York, NY 10022",,,,Manhattan
Charade Club,"2nd Ave & E 93rd St, New York, NY 10128",,,,Manhattan
Candy Store,"44 W 56th St, New York, NY 10019",,,,Manhattan
Candlelight Lounge,"309 Amsterdam Ave, New York, NY 10023",,,,Manhattan
Faller's Bar,"West St & Christopher St, New York, NY 10014",,,,Manhattan
Four Seasons,"99 E 52nd St, New York, NY 10022",,,,Manhattan
The Gold Rail,"2850 Broadway, New York, NY 10025",,,,Manhattan
Gantry,"6th Ave & W 13th St, New York, NY 10011",,,,Manhattan
L'Intrigue,"35 W 56th St, New York, NY 10019",,,,Manhattan
Milano's Lounge,"267 Amsterdam Ave, New York, NY 10023",,,,Manhattan
Moroccan Village,"23 W 8th St, New York, NY 10011",,,,Manhattan
The Nautilus,"267-269 W 23rd St, New York, NY 10011",,,,Manhattan
The Old Vic,"2nd Ave & E 59th St, New York, NY 10022",,,,Manhattan
Plaza Hotel Men's Bar,"5th Ave & Central Park S, New York, NY 10019",,,,Manhattan
Pam-Pam,"95 7th Ave, New York, NY 10011",,,,Manhattan
P.M.,"204 E 18th St, Brooklyn, NY 11226",,,,Manhattan
Pauline's Interlude,"2267 7th Ave, New York, NY 10027",,,,Manhattan
Red Swing,"57 Lexington Ave, New York, NY 10016",,,,Manhattan
Sea Colony,"Horatio St & 8th Ave, New York, NY 10014",,,,Manhattan
Seventeen Barrow Street,"17 Barrow St, New York, NY 10014",,,,Manhattan
The Stone Wall,"53 Christopher St, New York, NY 10014",,,,Manhattan
Stage 45,"305 W 45th St, New York, NY 10036",,,,Manhattan
Two Turtles,"E 27th St & Park Ave S, New York, NY 10010",,,,Manhattan
Steve Carney's,"2nd Ave & E 80th St, New York, NY 10075",,,,Manhattan
Trude Heller's,"6th Ave & W 9th St, New York, NY 10011",,,,Manhattan
Washington Square,"675 Broadway, New York, NY 10012",,,,Manhattan
Yukon Bar,"140 E 53rd St, New York, NY 10022",,,,Manhattan
Bogart's,"320 E 59th St, New York, NY 10022",,,,Manhattan
Brandy's Piano Bar,"235 E 84th St, New York, NY 10028",,,,Manhattan
The Break,"232 8th Ave, New York, NY 10011",,,,Manhattan
C.J. Blanda,"209 7th Ave, New York, NY 10011",,,,Manhattan
Cats Too,"232 W 48th St, New York, NY 10036",,,,Manhattan
Cats  ,"730 8th Ave, New York, NY 10036",,,,Manhattan
Cell Block 28,"28 9th Ave, New York, NY 10014",,,,Manhattan
Chelsea Transfer,"131 8th Ave, New York, NY 10011",,,,Manhattan
Chez Michallet,"90 Bedford St, New York, NY 10014",,,,Manhattan
Club Edelweiss,"167 W 29th St, New York, NY 10001",,,,Manhattan
D.T's a Fat Cat,"281 W 12th St, New York, NY 10014",,,,Manhattan
Don't Tell Mama,"343 W 46th St, New York, NY 10036",,,,Manhattan
The Dugout on Christopher,"185 Christopher St, New York, NY 10014",,,,Manhattan
Gents,"360 W 42nd St, New York, NY 10036",,,,Manhattan
Hangout,"675 Hudson St, New York, NY 10014",,,,Manhattan
New Jimmy's,"53 Christopher St, New York, NY 10014",,,,Manhattan
Pandora's Box,"70 Grove St, New York, NY 10014",,,,Manhattan
Rawhide,"212 8th Ave, New York, NY 10011",,,,Manhattan
Reed's,"8 Christopher St, New York, NY 10014",,,,Manhattan
Rosalie's,"531 Hudson St, New York, NY 10014",,,,Manhattan
Rose's Turn,"55 Grove St, New York, NY 10014",,,,Manhattan
Sally's Hideaway,"264 West 43rd St, New York, NY 10036",,,,Manhattan
South Dakota,"405 3rd Ave, New York, NY 10016",,,,Manhattan
Star Sapphire,"400 E 59th St, New York, NY 10022",,,,Manhattan
Town and Country Pub,"656 9th Ave, New York, NY 10036",,,,Manhattan
Trix,"246 W 48th St, New York, NY 10036",,,,Manhattan
Two Potato,"143 Christopher St, New York, NY 10014",,,,Manhattan
The Works,"428 Columbus Ave, New York, NY 10024",,,,Manhattan
Barrel Inn,"568 9th Ave, New York, NY 10036",,,,Manhattan
Beaded Bag,"951 1st Ave, New York, NY 10022",,,,Manhattan
Big Spender,"315 W 48th St, New York, NY 10019",,,,Manhattan
Brother Moe's,"1643 1st Ave, New York, NY 10028",,,,Manhattan
Bull Feathers,"1716 2nd Ave, New York, NY 10128",,,,Manhattan
Circus Lounge,"1369 Flatbush Ave, Brooklyn, NY 11210",,,,Manhattan
Country Cousin,"1313 3rd Ave, New York, NY 10021",,,,Manhattan
Gianni's,"53 W 19th St, New York, NY 10011",,,,Manhattan
Gold Bug,"83 W 3rd St, New York, NY 10012",,,,Manhattan
Hip-A-Drome,"165 Avenue A, New York, NY 10009",,,,Manhattan
Hot Line,"1544 12th Ave, New York, NY 10036",,,,Manhattan
Pepy's Place,"153 W 48th St, New York, NY 10036",,,,Manhattan
Piccadilly Pub,"324 Amsterdam Ave, New York, NY 10023",,,,Manhattan
The Planetarium,"181 2nd Ave, New York, NY 10003",,,,Manhattan
Pub Society,"1694 2nd Ave, New York, NY 10128",,,,Manhattan
Roundtable,"151 E 50th St, New York, NY 10022",,,,Manhattan
Sanctuary,"407 West 43rd St, New York, NY 10036",,,,Manhattan
Tool Box,"507 West St, New York, NY 10014",,,,Manhattan
Triangle Bar,"34 9th Ave, New York, NY 10014",,,,Manhattan
Troubador,"1064 1st Ave, New York, NY 10022",,,,Manhattan
Victor's Quarters,"84 2nd Ave, New York, NY 10003",,,,Manhattan
Zodiac Uptown,"1487 1st Ave, New York, NY 10075",,,,Manhattan
The Year 2000,"318 W 49th St, New York, NY 10019",,,,Manhattan
Al Buon Gusto,"257 Columbus Ave, New York, NY 10023",,,,Manhattan
When We Win,"1 Sheridan Square, New York, NY 10014",,,,Manhattan
Camp David,"1007 Lexington Ave, New York, NY 10021",,,,Manhattan
Heavenly Host,"463 Hudson St, New York, NY 10014",,,,Manhattan
Big Wok,"753 Washington St, New York, NY 10014",,,,Manhattan
Katherine Restaurant,"183 W 10th St, New York, NY 10014",,,,Manhattan
Club 71,"71 Pineapple St, Brooklyn, NY 11201",,,,Brooklyn
Danny's of Brooklyn Heights,"108 Montague St, Brooklyn, NY 11201",,,,Brooklyn
Francis Cranflone,"357 Dean St, Brooklyn, NY 11217",,,,Brooklyn
Iron Horse Pub,"189 7th Ave, Brooklyn, NY 11215",,,,Brooklyn
Rhythm,"6826 New Utrecht Ave, Brooklyn, NY 11219",,,,Brooklyn
Sal's Place,"79 Pineapple St, Brooklyn, NY 11201",,,,Brooklyn
After Five Plus,"5 Front St Brooklyn, NY 11201",,,,Brooklyn
Piano Bar,"180 Montague St Brooklyn, NY 11201",,,,Brooklyn
Apartment,"508 Willis Ave, Bronx, NY 10455",,,,Bronx
El Horoscope,"1969 Jerome Ave, Bronx, NY 10453",,,,Bronx
Ronnie's Thing,"56 E Mt Eden Ave, Bronx, NY 10452",,,,Bronx
Friend's Tavern,"78-11 Roosevelt Ave, Jackson Heights, NY 11372",,1989,2024,Queens
Krash,"34-48 Steinway St, Astoria, NY 11101",,,,Queens
Love Boat,"7702 Broadway, Elmhurst, NY 11373",,1985,1995,Queens
A Touch of Class,"113-24 Queens Blvd, Forest Hills, NY 11375",,,,Queens
Arck Lane,"130-02 Atlantic Ave, South Richmond Hill, NY 11419",,,,Queens
Betsy Ross,"73-13 37th Ave, Jackson Heights, NY 11372",,,,Queens
Billy the Kid,"76-07 Roosevelt Ave, Jackson Heights, NY 11372",,,,Queens
Club Freida's Hideaway,"81-36 Baxter Ave, Elmhurst, NY 11373",,,,Queens
Cozy Cabin,"92-03 Astoria Blvd, Flushing, NY 11369",,,,Queens
Fiddlesticks,"205 Cypress Ave, Ridgewood, NY 11385",,,,Queens
Flavors,"120-31 83rd Ave, Kew Gardens, NY 11415",,,,Queens
Hideaway ,"153-40 Hillside Ave., Jamaica, NY 11432",,,,Queens
Mr. Dreams,"63-12 Broadway, Woodside, NY 11377",,,,Queens
Sparky's,"130-4 Atlantic Ave, South Richmond Hill, NY 11419",,,,Queens
Tavern on the Turn,"172-22 Hillside Ave., Jamaica, NY 11432",,,,Queens
Trysting Place,"120-31 83rd Ave, Kew Gardens, NY 11415",,,,Queens
Golden Note,"74-24 37th Ave, Jackson Heights, NY 11372",,,,Queens
White Pickets,,,,,Staten Island