name,address,type,opened,closed,borough,date_approx
Washington Square Park,"Washington Square, New York, NY 10012",cruising,1890,1970,Manhattan,yes
Pompier Restaurant,"82 W 3rd St, New York, NY 10012",restaurant,1960,1967,Manhattan,no
Claret Baths,"1415 Riegelmann Boardwalk, Brooklyn, NY 11224",baths,1960,1970,Brooklyn ,yes
Bon Soir,"40 W 8th St, New York, NY 10011",club,1950,1970,Manhattan,yes
Corduroy Club,"240 W 38th St, New York, NY 10018",porn-theatre/cruising,1967,1971,Manhattan,no
Seventeen Barrow Street,"17 Barrow St, New York, NY 10014",bar,1968,1971,Manhattan,yes
P.M.,"204 E 18th St, Brooklyn, NY 11226",bar,1968,1971,Manhattan,yes
The Snake Pit,"215 W 10th St, New York, NY 10014",bar,1970,1971,Manhattan,yes
Pauline's Interlude,"2267 7th Ave, New York, NY 10027",bar,1968,1971,Manhattan,yes
Moroccan Village,"23 W 8th St, New York, NY 10011",bar/club,1968,1971,Manhattan,yes
Bali Club,"234 W 50th St, New York, NY 10019",bar/club,1968,1971,Manhattan,yes
The Nautilus,"267-269 W 23rd St, New York, NY 10011",bar/restaurant,1968,1971,Manhattan,yes
The Gold Rail,"2850 Broadway, New York, NY 10025",bar,1968,1971,Manhattan,yes
Steve Carney's,"2nd Ave & E 80th St, New York, NY 10075",bar,1968,1971,Manhattan,yes
The Bridge,"335 E 58th St, New York, NY 10022",bar ,1968,1971,Manhattan,yes
L'Intrigue,"35 W 56th St, New York, NY 10019",bar,1968,1971,Manhattan,yes
Red Swing,"57 Lexington Ave, New York, NY 10016",bar,1968,1971,Manhattan,yes
Plaza Hotel Men's Bar,"5th Ave & Central Park S, New York, NY 10019",bar,1968,1971,Manhattan,yes
Washington Square,"675 Broadway, New York, NY 10012",bar,1968,1971,Manhattan,yes
Gantry,"6th Ave & W 13th St, New York, NY 10011",bar,1968,1971,Manhattan,yes
Pam-Pam,"95 7th Ave, New York, NY 10011",bar,1968,1971,Manhattan,yes
Four Seasons,"99 E 52nd St, New York, NY 10022",bar,1968,1971,Manhattan,yes
Two Turtles,"E 27th St & Park Ave S, New York, NY 10010",bar,1968,1971,Manhattan,yes
Sea Colony,"Horatio St & 8th Ave, New York, NY 10014",bar,1968,1971,Manhattan,yes
Faller's Bar,"West St & Christopher St, New York, NY 10014",bar,1968,1971,Manhattan,yes
Charade Club,"2nd Ave & E 93rd St, New York, NY 10128",club,1968,1971,Manhattan,yes
Crazy Horse,"149 Bleecker St, New York, NY 10012",club,1968,1971,Manhattan,yes
Sutton East,"330 E 56th St, New York, NY 10022",hotel,1968,1971,Manhattan,yes
The Planetarium,"181 2nd Ave, New York, NY 10003",club,1970,1971,Manhattan,yes
The Year 2000,"318 W 49th St, New York, NY 10019",club,1970,1971,Manhattan,yes
Zodiac Uptown,"1487 1st Ave, New York, NY 10075",club,1970,1971,Manhattan,yes
Tenth of Always,"82 W 3rd St, New York, NY 10012",juice-bar,1968,1972,Manhattan,no
Luigi II,"104 W 13th St, New York, NY 10011",restaurant,1971,1972,Manhattan,yes
Lion's,"105 W 13th St, New York, NY 10011",bar,1971,1972,Manhattan,yes
The Turn-Over,"105 W 13th St, New York, NY 10011",bar,1971,1972,Manhattan,yes
Charlie's Also,"1154 1st Ave, New York, NY 10065",bar,1971,1972,Manhattan,yes
GoldDiggers,"1234 2nd Ave, New York, NY 10065",bar,1971,1972,Manhattan,yes
Circus Lounge,"1369 Flatbush Ave, Brooklyn, NY 11210",restaurant,1971,1972,Manhattan,yes
Outcast,"1382 2nd Ave, New York, NY 10021",bar,1971,1972,Manhattan,yes
The Striped Shirt,"1393 2nd Ave, New York, NY 10021",restaurant,1971,1972,Manhattan,yes
New Danny's St Sheridan SG,"140 Sheridan Square, New York, NY 10014",bar/club,1971,1972,Manhattan,yes
Fiddle Stix,"1487 1st Ave, New York, NY 10075",bar,1971,1972,Manhattan,yes
Kookie's,"149 West 14th St, New York, NY 10011",bar,1968,1972,Manhattan,yes
Hot Line,"1544 12th Ave, New York, NY 10036",restaurant,1971,1972,Manhattan,yes
Alibi,"1544 2nd Ave, New York, NY 10028",bar,1971,1972,Manhattan,yes
Male Box,"1716 2nd Avenue, New York, NY 10128",restaurant,1971,1972,Manhattan,yes
Squires: Nook,"18 E 13th St, New York, NY 10003",bar,1971,1972,Manhattan,yes
Sugar's,"183 W 10th St, New York, NY 10014",bar,1972,1972,Manhattan,yes
Monte Casino,"185 Montague St Brooklyn, NY 11201",bar,1971,1972,Brooklyn,yes
Howie's Hide-A-Way,"185 W 10th St, New York, NY 10014",bar,1971,1972,Manhattan,yes
Penny Lane,"220 W 49th St, New York, NY 10019",bar,1971,1972,Manhattan,yes
Sombrero,"253-32 Northern Blvd Flushing, NY 11362",bar,1971,1972,Queens,yes
Al Buon Gusto,"257 Columbus Ave, New York, NY 10023",restaurant,1971,1972,Manhattan,yes
Milano's Lounge,"267 Amsterdam Ave, New York, NY 10023",bar,1968,1972,Manhattan,yes
Mona's Royal Roost,"28 Cornelia St, New York, NY 10014",bar,1971,1972,Manhattan,yes
12th Night,"281 W 12th St, New York, NY 10014",bar,1971,1972,Manhattan,yes
Fireside,"30-5 Astoria Blvd Astoria, NY 11102",bar,1971,1972,Queens,yes
Stage 45,"305 W 45th St, New York, NY 10036",bar,1968,1972,Manhattan,yes
Sugarman,"350 E 81st St, New York, NY 10028",bar,1971,1972,Manhattan,yes
Three Jolly Pigeons,"37-21 Greenpoint Ave Queens, NY 11101",bar,1971,1972,Queens,yes
Sanctuary,"407 West 43rd St, New York, NY 10036",bar,1971,1972,Manhattan,yes
Meat Rack,"500 W 14th St, New York, NY 10014",bar,1971,1972,Manhattan,yes
The Wine Cellar,"531 Hudson St, New York, NY 10014",bar,1971,1972,Manhattan,yes
Loading Zone,"568 9th Ave, New York, NY 10036",bar,1971,1972,Manhattan,yes
Leo's Lion,"57 Lexington Ave, New York, NY 10016",bar,1971,1972,Manhattan,yes
Siro's,"58 E 53rd St, New York, NY 10022",bar,1971,1972,Manhattan,yes
Fountain Blue,"69-05 Queens Blvd Woodside, NY 11377",bar,1971,1972,Queens,yes
Sammy's Folly,"73 5th Ave, New York, NY 10003",bar,1971,1972,Manhattan,yes
Golden Note,"74-24 37th Ave, Jackson Heights, NY 11372",bar,1971,1972,Queens ,yes
Gas Station,"80 Grove St, New York, NY 10014",bar,1971,1972,Manhattan,yes
Gold Bug,"83 W 3rd St, New York, NY 10012",bar/disco,1971,1972,Manhattan,yes
El Mirador,"899 1st Ave, New York, NY 10022",restaurant,1971,1972,Manhattan,yes
Beaded Bag,"951 1st Ave, New York, NY 10022",restaurant,1971,1972,Manhattan,yes
Shaft,"181 2nd Ave, New York, NY 10003",juice-bar,1971,1972,Manhattan,yes
The Jungle,"303 E 60th St, New York, NY 10022",juice-bar,1971,1972,Manhattan,yes
The Zoo,"303 E 60th St, New York, NY 10022",juice-bar,1971,1972,Manhattan,yes
Taggariss House,"108 E 41st St, New York, NY 10168",bar,1972,1973,Manhattan,yes
John's Joynt,"1154 1st Ave., New York, NY 10065",bar,1972,1973,Manhattan,yes
Piper's Lounge,"1201 Lexington Ave, New York, NY 10028",bar,1972,1973,Manhattan,yes
Kooky's,"149 W 14th St, New York, NY 10011",bar,1965,1973,Manhattan,yes
Roundtable,"151 E 50th St, New York, NY 10022",disco,1971,1973,Manhattan,yes
Van Rensselaser Hotel,"17 E 11th St, New York, NY 10003",hotel,1912,1973,Manhattan,yes
Pelican Club,"200 W 70th St, New York, NY 10023",bar,1972,1973,Manhattan,yes
My Sister's Place,"2056 Broadway, New York, NY 10023",bar,1972,1973,Manhattan,yes
Westsider Bar,"2160 Broadway, New York, NY 10023",bar,1972,1973,Manhattan,yes
Chez Bippy,"2207 Boller Ave, Bronx, NY 10475",bar,1972,1973,Bronx,yes
The Barn,"232 Park Ave S, New York, NY 10003",bar,1972,1973,Manhattan,yes
Judy's,"255 West 43rd St, New York, NY 10036",bar,1972,1973,Manhattan,yes
Shadows,"255 West 43rd St, New York, NY 10036",bar,1972,1973,Manhattan,yes
Something Special,"262 W 46th St, New York, NY 10036",bar,1972,1973,Manhattan,yes
Fudge Factory,"308 E 59th St, New York, NY 10022",disco,1972,1973,Manhattan,yes
Godmother,"309 E 60th St, New York, NY 10022",bar,1972,1973,Manhattan,yes
Three,"314 E 72nd St, New York, NY 10021",bar,1971,1973,Manhattan,yes
The Ginza,"40 E 58th St, New York, NY 10022",bar,1972,1973,Manhattan,yes
Finale,"48 Barrow St, New York, NY 10014",bar,1972,1973,Manhattan,yes
Frizby's,"531 Hudson St, New York, NY 10014",bar,1972,1973,Manhattan,yes
Trysting Place,"120-31 83rd Ave, Kew Gardens, NY 11415",club,1971,1973,Queens ,yes
David Manscuso Residence/The Loft,"645-547 Broadway, New York, NY 10012",club,1970,1974,Manhattan,no
Fire House,"99 Wooster St, New York, NY 10012",activist-dances,1971,1974,Manhattan,no
When We Win,"1 Sheridan Square, New York, NY 10014",restaurant,1973,1974,Manhattan,yes
Gypsy's,"1065 1st Ave., New York, NY 10022",bar,1973,1974,Manhattan,yes
Sebastian's,"1068 1st Ave., New York, NY 10022",bar/restaurant,1972,1974,Manhattan,yes
Walter's Apartment,"1068 2nd Ave, New York, NY 10022",bar,1972,1974,Manhattan,yes
Troubador,"1078 1st Ave, New York, NY 10022",restaurant,1971,1974,Manhattan,yes
Jack of Diamonds,"1085 2nd Ave, New York, NY 10022",bar,1973,1974,Manhattan,yes
Le Joint,"120 W 51st St, New York, NY 10019",bar,1973,1974,Manhattan,yes
Country Cousin,"1313 3rd Ave, New York, NY 10021",bar/restaurant,1971,1974,Manhattan,yes
The Cabaret,"1436 3rd Ave, New York, NY 10028",bar,1970,1974,Manhattan,yes
The Forest,"1436 3rd Ave, New York, NY 10028",restaurant,1973,1974,Manhattan,yes
NY Motorbike Club,"149 W 21st St, New York, NY 10011",private-club,1968,1974,Manhattan,yes
The New Gallery (in Van Rensselaer Hotel),"15 E 11th St, New York, NY 10003",private-club,1968,1974,Manhattan,yes
Bull in the Bush,"1638 2nd Ave, New York, NY 10028",bar,1973,1974,Manhattan,yes
Lodge East,"1683 1st Ave, New York, NY 10128",bar,1973,1974,Manhattan,yes
Suana baths & Health Club,"18 W 58th St, New York, NY 10019",baths,1968,1974,Manhattan,yes
Seesaw,"185 W 10th St, New York, NY 10014",bar,1973,1974,Manhattan,yes
Speakeasy,"2160 Broadway, New York, NY 10023",bar,1973,1974,Manhattan,yes
Serendipity General Store,"225 E 60th St, New York, NY 10022",restaurant/cafe,1968,1974,Manhattan,yes
Top of the Pits,"230 W 74th St, New York, NY 10023",bar,1973,1974,Manhattan,yes
Summer Stock,"232 Park Ave S, New York, NY 10003",bar,1973,1974,Manhattan,yes
Cave,"24 E 22nd St, New York, NY 10010",bar,1972,1974,Manhattan,yes
Regent of Tokyo,"251 W 53rd St, New York, NY 10019",bar,1971,1974,Manhattan,yes
Mystique East,"256 E 49th St, New York, NY 10022",private-club,1968,1974,Manhattan,yes
Mothers,"267 W 23rd St, New York, NY 10011",bar,1971,1974,Manhattan,yes
The Great Society,"2nd Ave & E 14th St, New York, NY 10003",private-club,1968,1974,Manhattan,yes
The Lib,"305 E 45th St, New York, NY 10017",bar,1972,1974,Manhattan,yes
Candlelight Lounge,"309 Amsterdam Ave, New York, NY 10023",bar,1968,1974,Manhattan,yes
Paisleys,"320 E 79th St, New York, NY 10075",bar,1973,1974,Manhattan,yes
Ronnie's Supper Club,"324 E 49th St, New York, NY 10022",restaurant,1973,1974,Manhattan,yes
Two Penny Club,"36 E 30th St, New York, NY 10016",private-club,1968,1974,Manhattan,yes
Huey's on Hudson,"432 Hudson St, New York, NY 10014",bar,1973,1974,Manhattan,yes
Candy Store,"44 W 56th St, New York, NY 10019",disco,1971,1974,Manhattan,yes
Gianni's,"53 W 19th St, New York, NY 10011",bar,1971,1974,Manhattan,yes
Jonnathans,"547 2nd Ave, New York, NY 10016",bar,1973,1974,Manhattan,yes
Beat Goes East,"601 Morris Park Ave, Bronx, NY 10460",bar,1973,1974,Bronx,yes
Omnibus,"69 W 10th St, New York, NY 10011",coffee-shop,1968,1974,Manhattan,yes
Dutchess Inn,"70 Grove St, New York, NY 10014",bar,1973,1974,Manhattan,yes
El Baron Club,"74-02 Eliot Ave, Flushing, NY 11379",private-club,1968,1974,Queens,yes
Tradition,"82 83rd St Brooklyn, NY 11209",bar,1973,1974,Brooklyn,yes
Top Banana,"858 9th Ave, New York, NY 10019",bar,1973,1974,Manhattan,yes
Manhattan Towers,"Broadway & W 76th St, New York, NY 10024",hotel,1935,1974,Manhattan,yes
Table Top Club,"E 93rd St & 3rd Ave, New York, NY 10128",private-club,1968,1974,Manhattan,yes
The Den,"Greenwich St & W 12th St, New York, NY 10014",private-club,1968,1974,Manhattan,yes
The Camp,"W 69th St & Columbus Ave, New York, NY 10023",bar,1968,1974,Manhattan,yes
The Laundry Chute,"W 74th St & Amsterdam Ave, New York, NY 10023",coffee-shop,1968,1974,Manhattan,yes
Piccadilly Pub,"324 Amsterdam Ave, New York, NY 10023",club,1971,1974,Manhattan,yes
Hollywood!,"128 W 45th St, New York, NY 10036",bar,1973,1975,Manhattan,yes
Angora Bar,"129 8th Ave, New York, NY 10011",bar,1974,1975,Manhattan,yes
Rocco's,"139 E 34th St, New York, NY 10016",bar,1974,1975,Manhattan,yes
Yukon Bar,"140 E 53rd St, New York, NY 10022",bar,1968,1975,Manhattan,yes
Beths,"1623 2nd Ave, New York, NY 10028",restaurant,1974,1975,Manhattan,yes
Dazzels,"180 Columbus Ave, New York, NY 10023",restaurant,1974,1975,Manhattan,yes
Piano Bar,"180 Montague St Brooklyn, NY 11201",bar,1971,1975,Brooklyn ,yes
Fabric Factory,"200 W 40th St, New York, NY 10018",bar ,1974,1975,Manhattan,yes
Yellow Brick Road,"228 W 10th St, New York, NY 10014",restaurant,1974,1975,Manhattan,yes
Huddle,"232 8th Ave, New York, NY 10011",bar,1974,1975,Manhattan,yes
Ginger Bread,"232 Park Ave S, New York, NY 10003",bar,1974,1975,Manhattan,yes
The Ice Cream Connection,"24 St Marks Pl, New York, NY 10003",restaurant,1974,1975,Manhattan,yes
Dirty Edna's,"264 W 46th St, New York, NY 10036",bar,1971,1975,Manhattan,yes
Big Spender,"315 W 48th St, New York, NY 10019",bar,1968,1975,Manhattan,yes
Sound Machine,"330 E. 56th St, New York, NY 10022",bar,1974,1975,Manhattan,yes
Brothers And Sisters,"355 W 46th St, New York, NY 10036",bar,1972,1975,Manhattan,yes
Mr. Spats,"505 W. 23rd St, New York, NY 10011",bar,1974,1975,Manhattan,yes
Roadhouse,"570 Hudson St, New York, NY 10014",bar,1972,1975,Manhattan,yes
The Copabanana,"59 Lexington Ave, New York, NY 10016",bar,1973,1975,Manhattan,yes
The Alley,"63-02 Roosevelt Ave Flushing, NY 11377",bar,1972,1975,Queens,yes
Trude Heller's,"6th Ave & W 9th St, New York, NY 10011",bar,1968,1975,Manhattan,yes
What A Dump,"76-07 Roosevelt Ave Jackson Heights, NY 11372",bar,1972,1975,Queens,yes
Gracie's Mansion,"80 Clark Street Brooklyn, NY 11201",bar,1972,1975,Brooklyn,yes
Outside Inn,"82-20 Baxter Ave Elmhurst, NY 11373",bar,1974,1975,Brooklyn,yes
Come On,"8813 Foster Ave Brooklyn, NY 11236",bar,1974,1975,Brooklyn,yes
Mayfair,"964 1st Ave, New York, NY 10022",bar/restaurant,1971,1975,Manhattan,yes
New Atlantis,"Stillwell Ave, Brooklyn, NY 11214",bar/club,1973,1975,Brooklyn ,yes
Scott Hotel,"132 W 45th St, New York, NY 10036",hotel,1968,1975,Manhattan,yes
Trojan's Den,"162 W 34th St, New York, NY 10001",massage,1973,1975,Manhattan,yes
Buddy-Buddy Club,"1400 Clove Rd, Staten Island, NY 10301",bar/restaurant,1965,1976,Staten Island,no
Continental Baths at the Ansonia Hotel,"230 W 74th St, New York, NY 10023",baths,1968,1976,Manhattan,no
Le Jardin,"110 West 43rd St, New York, NY 10036",disco,1973,1976,Manhattan,yes
Continental Sauna,"111 W 56th St, New York, NY 10019",baths,1973,1976,Manhattan,yes
Mother Courage,"343 W 11th St, New York, NY 10014",restaurant,1972,1977,Manhattan,no
Gilded Grape,"719 8th Ave, New York, NY 10036",restaurant,1970,1977,Manhattan,yes
Elgin Theater,"176 8th Ave, New York, NY 10011",cruising-at-movies,1942,1978,Manhattan,no
Hotel St. George,"51 Clark St, Brooklyn, NY 11201",hotel,1920,1978,Brooklyn,no
New Saint Marks,"6 St Marks Pl, New York, NY 10003",baths,1913,1978,Manhattan,no
Eighty-two Club,"82 E 4th St, New York, NY 10003",club,1953,1978,Manhattan,no
Ron Alter Designs,"167 8th Ave, New York, NY 10011",sex-shop,1970,1978,Manhattan,yes
Apollo,"223 W 42nd St, New York, NY 10036",theatre,1920,1978,Manhattan,yes
Jorge Menendez,"444 Central Park W, New York, NY 10025",sex-shop,1970,1978,Manhattan,yes
Starship Discovery I,"350 W 42nd St, New York, NY 10036",private-disco/cabaret,1977,1978,Manhattan,yes
Mayfair Bar & Grill,"3 Hyatt St, Staten Island, NY 10301",bar/restaurant,1952,1979,Staten Island,no
Infinity,"653 Broadway, New York, NY 10012",disco,1975,1979,Manhattan,no
Tor ,"21 Greenwich Ave, New York, NY 10014",restaurant,1975,1979,Manhattan,yes
Black Jack Books,"210 W 42nd St, New York, NY 10036",bookstore,1970,1979,Manhattan,yes
Hungry Hildas,"709 8th Ave, New York, NY 10036",restaurant,1970,1979,Manhattan,yes
Cherry Grove East,"200 E 14th St, New York, NY 10003",massage,1973,1979,Manhattan,yes
Joe Allen's,"352 W 46th St, New York, NY 10036",bar,1973,1979,Manhattan,yes
Ramrod,"394-395 West St, New York, NY 10014",bar,1973,1980,Manhattan,no
Twelve West,"491 West St, New York, NY 10014",juice-bar/disco,1975,1980,Manhattan,no
Flamingo   ,"599 Broadway, New York, NY 10012",juice-bar/disco,1974,1980,Manhattan,no
Uno's Café,"1051 Allerton Ave. Bronx, NY 10469",bar,1974,1980,Bronx,yes
G.G. Knickerbocker,"128 W 45th St, New York, NY 10036",bar/club,1979,1980,Manhattan,yes
Harry's Back East,"1422 3rd Ave, New York, NY 10028",bar,1968,1980,Manhattan,yes
Painted Pony,"1485 3rd Ave, New York, NY 10028",bar,1971,1980,Manhattan,yes
Legend Gallery,"152 7th Ave S, New York, NY 10014",sex-shop,1970,1980,Manhattan,yes
Half Breed,"168 Amsterdam Ave, New York, NY 10023",bar,1979,1980,Manhattan,yes
Ansonia Books,"170 W 74th St, New York, NY 10023",bookstore,1970,1980,Manhattan,yes
Studio Book Store,"178 Christopher St, New York, NY 10014",bookstore,1970,1980,Manhattan,yes
Marquis de Suede,"20 W 22nd St, New York, NY 10010",sex-shop,1970,1980,Manhattan,yes
Carr's,"204 W 10th St, New York, NY 10014",bar,1966,1980,Manhattan,yes
Numbers,"2057 Broadway, New York, NY 10023",bar,1979,1980,Manhattan,yes
Ramrod Theatre,"210 W 49th St, New York, NY 10019",cinema,1975,1980,Manhattan,yes
Grand Finale,"210 W 70th St, New York, NY 10023",restaurant,1973,1980,Manhattan,yes
Flamingo East,"219 2nd Ave, New York, NY 10003",bar/club,1979,1980,Manhattan,yes
Bushes,"23 W 73rd St, New York, NY 10023",restaurant/cabaret,1973,1980,Manhattan,yes
Follies,"232 W 48th St, New York, NY 10036",bar,1979,1980,Manhattan,yes
Fedora's,"239 West 4th Street, New York, NY 10014",bar,1972,1980,Manhattan,yes
M.C.C.,"26 9th Ave, New York, NY 10014",bar,1979,1980,Manhattan,yes
Den,"264 W 43rd St, New York, NY 10036",bar,1971,1980,Manhattan,yes
Stallion,"277 Bleecker St, New York, NY 10014",bar,1979,1980,Manhattan,yes
Cell Block,"372 W 11th St, New York, NY 10014",bar,1972,1980,Manhattan,yes
Silouette,"53 W 19th St, New York, NY 10011",bar,1979,1980,Manhattan,yes
Ronnie's Thing,"56 E Mt Eden Ave, Bronx, NY 10452",bar,1979,1980,Bronx,yes
Betsy Ross,"73-13 37th Ave, Jackson Heights, NY 11372",bar ,1972,1980,Queens ,yes
Neptune's Pub,"730 8th Ave, New York, NY 10036",bar/restaurant,1979,1980,Manhattan,yes
Star Wars Disco,"79-24 Cypress Ave, Flushing, NY 11385",disco,1979,1980,Queens,yes
55th Street Playhouse,"7th Ave & W 55th St, New York, NY 10105",cinema,1927,1980,Manhattan,yes
Nite Life,"85 Washington Pl, New York, NY 10011",bar,1973,1980,Manhattan,yes
Jewel Theatre,"100 3rd Ave, New York, NY 10003",cinema,1973,1980,Manhattan,yes
King's All Male Theatre,"236 W. 50th Street, New York, NY 10019",cinema,1975,1980,Manhattan,yes
Resurrection,"316 W 49th St, New York, NY 10019",disco,1978,1980,Manhattan,yes
Mini,"727 7th Ave, New York, NY 10019",cinema,1975,1980,Manhattan,yes
Plaza Theatre,"314 Flatbush Ave Brooklyn, NY 11217",porn-theatre/cruising,1979,1980,Brooklyn,yes
Eagle Leathers,"P.O. Box 441 Canal Street Station, New York, NY. 10013",leather-mail-order,1973,1980,Manhattan,yes
Priapus Books & Films,"111 E 12th St, New York, NY 10003",book/sex-shop,1975,1980,Manhattan,yes
Scotland Yard,"146 West 4th Street, New York, NY 10012",private-club,1978,1980,Manhattan,yes
The Fair,"Astoria Blvd & 90th St Queens, NY 11369",cinema,1979,1980,Queens,yes
The Spartan,"220 E 59th St, New York, NY 10022",cinema,1979,1980,Manhattan,yes
Village Variety,"3 Horatio St, New York, NY 10014",book/sex-shop,1975,1980,Manhattan,yes
Arch,"616 39th Ave Woodside, NY 11377",bar/club,1979,1980,Queens ,yes
Reno Sweeney,"126 W 13th St, New York, NY 10011",restaurant,1972,1981,Manhattan,no
"New York, New York","33 E 52nd St, New York, NY 10022",disco,1977,1981,Manhattan,no
Hurrah,"36 W 62nd St, New York, NY 10023",disco,1976,1981,Manhattan,no
Bonnie & Clyde's,"82 W 3rd St, New York, NY 10012",bar,1972,1981,Manhattan,no
Sahara,"1234 2nd Ave, New York, NY 10065",disco,1979,1981,Manhattan,yes
Barnum Room ,"128 W 45th St, New York, NY 10036",disco ,1979,1981,Manhattan,yes
Arck Lane,"130-02 Atlantic Ave, South Richmond Hill, NY 11419",bar,1979,1981,Queens ,yes
Big Top Theatre,"1604 Broadway, New York, NY 10019",disco,1979,1981,Manhattan,yes
The Cock Ring,"189 Christopher St, New York, NY 10014",disco ,1979,1981,Manhattan,yes
El Horoscope,"1969 Jerome Ave, Bronx, NY 10453",disco,1979,1981,Bronx,yes
Fiddlesticks,"205 Cypress Ave, Ridgewood, NY 11385",restaurant,1979,1981,Queens ,yes
Backyard,"243 E 53rd St, New York, NY 10022",bar,1979,1981,Manhattan,yes
Charlie & Kelly's,"259 West 4th Street, New York, NY 10014",restaurant,1974,1981,Manhattan,yes
Paradise  ,"35 W 43rd St, New York, NY 10036",disco,1979,1981,Manhattan,yes
Dapper & Friends,"350 E 81st St, New York, NY 10028",disco,1979,1981,Manhattan,yes
Bike Stop East,"381 3rd Ave, New York, NY 10016",bar,1979,1981,Manhattan,yes
Inferno,"5 W 19th St, New York, NY 10011",disco,1979,1981,Manhattan,yes
Apartment,"508 Willis Ave, Bronx, NY 10455",disco,1979,1981,Bronx,yes
Chez Stadium,"56 Greenwich Ave, New York, NY 10011",restaurant,1978,1981,Manhattan,yes
Mr. Dreams,"63-12 Broadway, Woodside, NY 11377",disco,1979,1981,Queens ,yes
Stud (International),"731 Greenwich St, New York, NY 10014",bar/backroom,1969,1981,Manhattan,yes
Cozy Cabin,"92-03 Astoria Blvd, Flushing, NY 11369",disco,1979,1981,Queens ,yes
Gables,"W 10th St & 7th Ave S, New York, NY 10014",disco,1979,1981,Manhattan,yes
Times Square Motor Inn,"W 43rd St & 8th Ave, New York, NY 10036",hotel,1922,1981,Manhattan,yes
Peeche,"1200 Lexington Ave, New York, NY 10028",club,1980,1981,Manhattan,yes
Djuna Books,"154 W 10th St, New York, NY 10014",bookstore,1977,1982,Manhattan,no
Mother Earth,"381 Van Duzer St, Staten Island, NY 10304",bar,1976,1982,Staten Island,no
Dutchess ,"70 Grove St, New York, NY 10014",bar,1972,1982,Manhattan,no
Brazil,"86 Mills Ave, Staten Island, NY 10305",club,1976,1982,Staten Island,no
Manhattan South,"1 Sheridan Square, New York, NY 10014",restaurant,1980,1982,Manhattan,yes
Pigalle Pigalle,"1047 2nd Ave, New York, NY 10022",restaurant,1980,1982,Manhattan,yes
Palace,"110 E 14th St, New York, NY 10003",disco,1981,1982,Manhattan,yes
A Touch of Class,"113-24 Queens Blvd, Forest Hills, NY 11375",restaurant,1980,1982,Queens ,yes
Duff's,"115 Christopher St, New York, NY 10014",restaurant,1980,1982,Manhattan,yes
Kathy's,"130-06 Atlantic Ave South Richmond Hill, NY 11419",bar,1981,1982,Queens,yes
Danny's First,"139 Christopher St, New York, NY 10014",bar,1970,1982,Manhattan,yes
Chez Roman,"1406 3rd Ave, New York, NY 10075",restaurant,1980,1982,Manhattan,yes
Razzle Dazzle,"1485 3rd Ave, New York, NY 10028",bar,1981,1982,Manhattan,yes
Stormy Weather,"1574 2nd Ave, New York, NY 10028",restaurant,1980,1982,Manhattan,yes
Grapevine,"161 W 47th St, New York, NY 10036",bar/cabaret,1981,1982,Manhattan,yes
Candle II,"168 Amsterdam Ave, New York, NY 10023",bar,1981,1982,Manhattan,yes
Farnies,"18 2nd Ave, New York, NY 10003",bar/restaurant,1981,1982,Manhattan,yes
The Ring,"180 Christopher St, New York, NY 10014",disco,1981,1982,Manhattan,yes
Prive,"1st Ave. & E 59th St, New York, NY 10022",restaurant,1980,1982,Manhattan,yes
Warehouse,"201 W 75th St, New York, NY 10023",disco,1981,1982,Manhattan,yes
Maneuvers,"208 W 23rd St, New York, NY 10011",bar,1981,1982,Manhattan,yes
Rockinghorse,"224 Columbus Ave, New York, NY 10023",bar/restaurant,1981,1982,Manhattan,yes
Jeffrey's,"228 W 10th St, New York, NY 10014",restaurant/cabaret,1980,1982,Manhattan,yes
Cowboys & Cowgirls,"244 E 53rd St, New York, NY 10022",bar/restaurant,1980,1982,Manhattan,yes
Solos,"248 E 52nd St, New York, NY 10022",restaurant/cabaret,1980,1982,Manhattan,yes
Les Mouches,"260 W 11th St, New York, NY 10014",disco,1976,1982,Manhattan,yes
Black Sheep,"342 W 11th St, New York, NY 10014",restaurant,1980,1982,Manhattan,yes
Four Eleven,"411 Bleecker St, New York, NY 10014",restaurant,1980,1982,Manhattan,yes
Café Society,"43 E 20th St, New York, NY 10003",bar/restaurant,1981,1982,Manhattan,yes
Round-Up,"438 Hudson St, New York, NY 10014",bar,1981,1982,Manhattan,yes
Censi's,"5 Front St Brooklyn, NY 11201",bar/restaurant,1981,1982,Brooklyn,yes
Ariel,"53 W 19th St, New York, NY 10011",bar,1981,1982,Manhattan,yes
Village Green,"531 Hudson St, New York, NY 10014",restaurant,1980,1982,Manhattan,yes
Blowfish,"551 Hudson Street, New York, NY 10014",restaurant,1980,1982,Manhattan,yes
Place Across the Street,"56 W 46th St, New York, NY 10036",restaurant,1980,1982,Manhattan,yes
Hornblower's on Horatio,"59 Horatio St, New York, NY 10014",bar/restaurant,1981,1982,Manhattan,yes
Zodiac 2000,"63-12 Broadway Woodside, NY 11377",disco,1981,1982,Queens,yes
York's Restaurant,"710 2nd Ave, New York, NY 10016",restaurant,1980,1982,Manhattan,yes
The Octagon,"73-13 37th Rd Jackson Heights, NY 11372",bar,1981,1982,Queens,yes
Crissy T Chaps,"7507 New Utrecht Ave Brooklyn, NY 11214",bar/disco,1981,1982,Brooklyn,yes
Haymarket,"772 8th Ave, New York, NY 10036",bar,1980,1982,Manhattan,yes
Pennyfeathers,"89 7th Ave, New York, NY 10011",restaurant,1980,1982,Manhattan,yes
Singles,"951 1st Ave., New York, NY 10022",bar/restaurant,1972,1982,Manhattan,yes
David's Pot Belly ,"98 Christopher St, New York, NY 10014",restaurant,1980,1982,Manhattan,yes
Village Garden,"West 4th Street & Charles St, New York, NY 10014",restaurant,1980,1982,Manhattan,yes
Club 71,"71 Pineapple St, Brooklyn, NY 11201",club,1979,1982,Brooklyn ,yes
Man's Country,"28 W 15th St, New York, NY 10011",baths/gym/fantasy-rooms,1972,1983,Manhattan,no
Bill Bailey's,"492 Bay St, Staten Island, NY 10304",bar,1972,1983,Staten Island,no
Crisco Disco,"9th Ave & W 15th St, New York, NY 10011",disco,1970,1983,Manhattan,no
Union Club,"110 E 14th St, New York, NY 10003",bar,1982,1983,Manhattan,yes
Night Wing,"118 Greenwich Ave, New York, NY 10011",bar,1982,1983,Manhattan,yes
Cajun,"129 8th Ave, New York, NY 10011",restaurant,1982,1983,Manhattan,yes
Pete's Café,"135 8th Ave, New York, NY 10011",restaurant,1982,1983,Manhattan,yes
Patrick's,"142 W 10th St, New York, NY 10014",restaurant,1982,1983,Manhattan,yes
17th St Saloon,"143 8th Ave, New York, NY 10011",bar,1982,1983,Manhattan,yes
Les Nuages,"1436 3rd Ave, New York, NY 10028",restaurant,1982,1983,Manhattan,yes
Boodles,"1478 1st Ave., New York, NY 10075",restaurant,1982,1983,Manhattan,yes
Upstream,"150 E 39th St, New York, NY 10016",restaurant/cabaret,1982,1983,Manhattan,yes
96 West,"168 W 96th St, New York, NY 10025",bar,1981,1983,Manhattan,yes
Tavern on the Turn,"172-22 Hillside Ave., Jamaica, NY 11432",bar/restaurant,1980,1983,Queens ,yes
Tempust Fugit,"178 2nd Ave, New York, NY 10003",bar,1982,1983,Manhattan,yes
Old Forge,"179 3rd Ave, New York, NY 10003",restaurant,1982,1983,Manhattan,yes
Rumbul's,"20 Christopher St, New York, NY 10014",restaurant,1982,1983,Manhattan,yes
La Boutique Fantastique Café,"215 W 92nd St, New York, NY 10025",restaurant,1982,1983,Manhattan,yes
Priory,"224 E 53rd St, New York, NY 10022",restaurant/cabaret,1982,1983,Manhattan,yes
Pipeline,"232 8th Ave, New York, NY 10011",bar,1982,1983,Manhattan,yes
Belvedere,"239 3rd Ave, New York, NY 10003",restaurant,1982,1983,Manhattan,yes
The Garden Club,"244 E 51st St, New York, NY 10022",bar,1982,1983,Manhattan,yes
The East Five Three,"244 E 53rd St, New York, NY 10022",restaurant/cabaret,1982,1983,Manhattan,yes
El Castillo Rojo,"252 West 43rd St, New York, NY 10036",disco,1981,1983,Manhattan,yes
Stauch's baths,"2534 W 15th St, Brooklyn, NY 11214",baths,1940,1983,Brooklyn,yes
Stix,"304 E 39th St, New York, NY 10016",disco,1982,1983,Manhattan,yes
Jaspers,"305 Columbus Ave, New York, NY 10023",bar,1982,1983,Manhattan,yes
Backstage,"318 W 45th St, New York, NY 10036",restaurant,1980,1983,Manhattan,yes
Caroline's,"332 8th Ave, New York, NY 10001",bar/restaurant,1981,1983,Manhattan,yes
La Cage Aux Folles,"334 E 73rd St, New York, NY 10021",restaurant/cabaret,1982,1983,Manhattan,yes
46th Street,"343 W 46th St, New York, NY 10036",restaurant/cabaret,1982,1983,Manhattan,yes
Onstage,"349 W 46th St, New York, NY 10036",restaurant/cabaret,1982,1983,Manhattan,yes
Van Buren,"349 W 46th St, New York, NY 10036",restaurant,1982,1983,Manhattan,yes
Red Star Café,"400 W 12th St, New York, NY 10014",bar/restaurant,1980,1983,Manhattan,yes
Peeches n Creem,"408 E 64th St, New York, NY 10065",bar/restaurant,1981,1983,Manhattan,yes
Mickey's,"44 W 54th St, New York, NY 10019",restaurant/cabaret,1982,1983,Manhattan,yes
Heavenly Host,"463 Hudson St, New York, NY 10014",restaurant,1982,1983,Manhattan,yes
Il Gamberetto,"555 3rd Ave, New York, NY 10016",restaurant/cabaret,1982,1983,Manhattan,yes
23 St Saloon,"565 W 23rd St, New York, NY 10011",bar/restaurant,1982,1983,Manhattan,yes
Collage,"63-12 Broadway Woodside, NY 11377",disco,1982,1983,Queens,yes
Beritz,"7507 New Utrecht Ave Brooklyn, NY 11214",disco,1982,1983,Brooklyn,yes
Tyson's Restaurant,"756 9th Ave, New York, NY 10019",restaurant,1982,1983,Manhattan,yes
Sal's Place,"79 Pineapple St, Brooklyn, NY 11201",disco,1980,1983,Brooklyn ,yes
8 Christopher St. Tavern,"8 Christopher St, New York, NY 10014",bar,1981,1983,Manhattan,yes
Cahoots,"81 Columbus Ave, New York, NY 10023",bar/restaurant,1982,1983,Manhattan,yes
Freidas Hideaway,"81-36 Baxter Ave Elmhurst, NY 11373",bar,1980,1983,Queens,yes
TJ's,"957 1st Ave., New York, NY 10022",restaurant/cabaret,1982,1983,Manhattan,yes
Cheeks,"644 Roosevelt Ave Woodside, NY 11377",private-club,1982,1983,Queens ,yes
Club Impressions,"1558 3rd Ave, New York, NY 10128",club,1982,1983,Manhattan,yes
Octagon,"555 W 33rd St, New York, NY 10001",club,1982,1983,Manhattan,yes
Royal Roost,"154 W 13th St, New York, NY 10011",cabaret,1982,1983,Manhattan,yes
Two Twenty Club,"220 W Houston St, New York, NY 10014",club,1980,1983,Manhattan,yes
Uncle Charlie's North,"1049 Lexington Ave, New York, NY 10021",restaurant,1972,1984,Manhattan,yes
Wine Press,"1160 1st Ave., New York, NY 10065",restaurant,1983,1984,Manhattan,yes
Tory's,"119 E 27th St, New York, NY 10016",disco,1983,1984,Manhattan,yes
Flavors,"120-31 83rd Ave, Kew Gardens, NY 11415",disco,1980,1984,Queens ,yes
Inner Circle,"13 Jane St, New York, NY 10014",restaurant/cabaret,1983,1984,Manhattan,yes
Scotts on Tenth,"130 10th Ave, New York, NY 10011",restaurant/cabaret,1983,1984,Manhattan,yes
New Deal,"152 Spring St, New York, NY 10012",bar,1982,1984,Manhattan,yes
Last Resort,"153 1st Ave, New York, NY 10003",bar,1982,1984,Manhattan,yes
New Jimmy's Supper Club,"1576 3rd Ave, New York, NY 10128",bar,1972,1984,Manhattan,yes
Blue Skies,"183 W 10th St, New York, NY 10014",restaurant,1980,1984,Manhattan,yes
La Bamba,"192 2nd Ave, New York, NY 10003",bar,1983,1984,Manhattan,yes
Nightingale,"213 2nd Ave, New York, NY 10003",bar,1983,1984,Manhattan,yes
Andre's Bar,"2321 Frederick Douglass Blvd, New York, NY 10027",bar/restaurant,1980,1984,Manhattan,yes
Daddy's,"238 3rd Ave, New York, NY 10003",bar,1983,1984,Manhattan,yes
Dallas,"243 E 53rd St, New York, NY 10022",bar,1982,1984,Manhattan,yes
Le Bar,"243 E 53rd St, New York, NY 10022",bar,1983,1984,Manhattan,yes
TR's,"248 E 52nd St, New York, NY 10022",bar,1983,1984,Manhattan,yes
Fridas's,"25 3rd Ave, New York, NY 10003",disco,1982,1984,Manhattan,yes
Bleeker Street,"302 Bleecker St, New York, NY 10014",bar,1974,1984,Manhattan,yes
Bucks,"324 Amsterdam Ave, New York, NY 10023",bar,1983,1984,Manhattan,yes
Bullet Bar,"372 W 11th St, New York, NY 10014",bar,1983,1984,Manhattan,yes
Alex in Wonderland,"40 10th Ave, New York, NY 10014",bar,1980,1984,Manhattan,yes
Saturday Night Dance Club,"531 W 19th St, New York, NY 10011",disco,1983,1984,Manhattan,yes
Hot Ice,"57 W 57th St, New York, NY 10019",disco,1983,1984,Manhattan,yes
Network,"579 6th Ave, New York, NY 10011",disco,1983,1984,Manhattan,yes
Rhythm,"6826 New Utrecht Ave, Brooklyn, NY 11219",disco,1980,1984,Brooklyn ,yes
Phoenix,"73 8th Ave, New York, NY 10014",bar,1983,1984,Manhattan,yes
Big Wok,"753 Washington St, New York, NY 10014",restaurant,1980,1984,Manhattan,yes
"Manhattan, A Bar","76-13 Roosevelt Ave Jackson Heights, NY 11372",bar,1983,1984,Queens,yes
Pharoah,"8 Christopher St, New York, NY 10014",restaurant,1983,1984,Manhattan,yes
Horn of Plenty,"91 Charles St, New York, NY 10014",restaurant,1969,1984,Manhattan,yes
Nightbird,"92 2nd Ave, New York, NY 10003",restaurant,1983,1984,Manhattan,yes
Knight Deposit,"938 Amsterdam Ave, New York, NY 10025",bar,1983,1984,Manhattan,yes
Crawfords,"957 1st Ave, New York, NY 10022",restaurant,1983,1984,Manhattan,yes
Blueboy Disco,"96-22 Queens Blvd Rego Park, NY 11374",disco,1983,1984,Queens,yes
Mood Club,"77 White St, New York, NY 10013",private-club,1983,1984,Manhattan,yes
Club Baths,"24 1st Ave, New York, NY 10009",baths,1971,1985,Manhattan,no
The River Club,"491 West St, New York, NY 10014",disco,1981,1985,Manhattan,no
Ice Palace 57,"57 W 57th St, New York, NY 10019",disco,1977,1985,Manhattan,no
New St. Marks baths,"6 St Marks Pl, New York, NY 10003",baths,1979,1985,Manhattan,no
Our Place,"7702 Broadway, Elmhurst, NY 11373",bar,1980,1985,Queens,no
Beach Haven Bar,"901 Father Capodanno Blvd, Staten Island, NY 10305",bar,1963,1985,Staten Island,no
Sunset Boulevard,"112-01 Queens Blvd Forest Hills, NY 11375",bar/disco,1984,1985,Queens,yes
Van D's,"123 E 18th St, New York, NY 10003",restaurant,1984,1985,Manhattan,yes
Madison Card & Book Shop,"123 E 57th St, New York, NY 10022",bookstore,1980,1985,Manhattan,yes
Nickel Bar,"127 W 72nd St, New York, NY 10023",bar,1974,1985,Manhattan,yes
Blue Fox,"131 8th Ave, New York, NY 10011",bar/restaurant,1982,1985,Manhattan,yes
Menemsha Bar,"132 E 57th St, New York, NY 10022",bar,1947,1985,Manhattan,yes
Village Stix,"139 Christopher St, New York, NY 10014",bar,1982,1985,Manhattan,yes
Twilight,"1463 3rd Ave, New York, NY 10028",bar,1980,1985,Manhattan,yes
Waverly Waverly,"147 Waverly Pl, New York, NY 10014",restaurant,1984,1985,Manhattan,yes
Boy Bar,"15 St Marks Pl, New York, NY 10003",bar,1984,1985,Manhattan,yes
Scaramouche Rest.,"157 Duane St, New York, NY 10013",restaurant,1984,1985,Manhattan,yes
Fulton's Sidewalk Café,"2061 Broadway, New York, NY 10023",restaurant/café,1980,1985,Manhattan,yes
Rogers Restaurant,"21 Greenwich Ave, New York, NY 10014",restaurant,1984,1985,Manhattan,yes
Four By Twelve,"218 W. 12th St, New York, NY 10014",bar,1984,1985,Manhattan,yes
42nd Street Barracks,"226 W 42nd St, New York, NY 10036",baths,1970,1985,Manhattan,yes
Beacon Baths,"227 E 45th St, New York, NY 10017",baths,1970,1985,Manhattan,yes
O'Neill's Backyard,"231 W 48th St, New York, NY 10036",bar,1982,1985,Manhattan,yes
Billy's Chelsea Bar,"232 8th Ave, New York, NY 10011",bar,1983,1985,Manhattan,yes
Pershing's,"234 Columbus Ave, New York, NY 10023",restaurant,1980,1985,Manhattan,yes
Empire,"234 W 42nd St, New York, NY 10036",theatre,1912,1985,Manhattan,yes
New Yorker,"2418 Broadway, New York, NY 10024",cruising-at-movies,1914,1985,Manhattan,yes
La Fiesta,"253 W 46th St, New York, NY 10036",bar,1980,1985,Manhattan,yes
Blue's,"264 W 43rd St, New York, NY 10036",bar/disco,1980,1985,Manhattan,yes
Centre Bar,"29 St Marks Pl, New York, NY 10003",bar,1982,1985,Manhattan,yes
Sauna Baths,"300 W 58th St, New York, NY 10019",baths,1970,1985,Manhattan,yes
Peter Rabbit,"305 W 10th St, New York, NY 10014",bar,1972,1985,Manhattan,yes
Freddy's,"308 E 49th St, New York, NY 10017",bar/restaurant/cabaret,1982,1985,Manhattan,yes
Peeches Three,"314 E 72nd St, New York, NY 10021",bar,1980,1985,Manhattan,yes
Boot Hill,"317 Amsterdam Ave, New York, NY 10023",bar,1973,1985,Manhattan,yes
Bogarts,"320 E 59th St, New York, NY 10022",bar,1982,1985,Manhattan,yes
Las Ventanas Restaurant,"329 Bleecker St, New York, NY 10014",restaurant,1984,1985,Manhattan,yes
Casa Paco,"330 Bleecker St, New York, NY 10014",restaurant,1974,1985,Manhattan,yes
Holland,"351 W 42nd St, New York, NY 10036",restaurant,1984,1985,Manhattan,yes
Big Dish,"383 W 12th St, New York, NY 10014",restaurant,1980,1985,Manhattan,yes
The Stable,"400 W 14th St, New York, NY 10014",bar,1983,1985,Manhattan,yes
South Dakota,"405 3rd Ave, New York, NY 10016",bar,1982,1985,Manhattan,yes
Sheridan Square Health Club,4th and Christopher Streets (Greenwich Village),gym,1965,1985,Manhattan,yes
Zips,"636 Hudson St, New York, NY 10014",bar,1983,1985,Manhattan,yes
Paula's,"64 Greenwich Ave, New York, NY 10011",bar,1971,1985,Manhattan,yes
J's,"675 Hudson St, New York, NY 10014",bar,1982,1985,Manhattan,yes
Mim's Restaurant,"8 Christopher St, New York, NY 10014",restaurant,1984,1985,Manhattan,yes
The Mine Shaft,"835 Washington St, New York, NY 10014",bar/backroom,1976,1985,Manhattan,yes
Crossroad,"858 9th Ave, New York, NY 10019",bar,1980,1985,Manhattan,yes
Studio 88,"86-30 Roosevelt Ave Elmhurst, NY 11373",bar,1982,1985,Queens,yes
Sticky Fingers,"87 Christopher St, New York, NY 10014",bar,1984,1985,Manhattan,yes
Hernando's,"9 Christopher St, New York, NY 10014",sex-shop,1970,1985,Manhattan,yes
Sapphire Bar,"957 1st Ave., New York, NY 10022",bar,1984,1985,Manhattan,yes
Last Call,"975 2nd Ave, New York, NY 10022",bar,1974,1985,Manhattan,yes
Club 1032,"1032 2nd Ave, New York, NY 10022",club,1980,1985,Manhattan,yes
Francis Cranflone,"357 Dean St, Brooklyn, NY 11217",hotel,1980,1985,Brooklyn ,yes
It's a Man's World,"287 Amsterdam Ave, New York, NY 10023",bookstore,1980,1985,Manhattan,yes
Laminations,"39 Christopher St, New York, NY 10014",gift-shop,1980,1985,Manhattan,yes
Leather Rack,"247 W 42nd St, New York, NY 10036",sex-shop,1980,1985,Manhattan,yes
Little Peter's,"St Marks Pl & 3rd Ave, New York, NY 10003",cabaret,1980,1985,Manhattan,yes
New Male Box,"210 W 42nd St, New York, NY 10036",erotica/cruising,1980,1985,Manhattan,yes
Ossi Guest House,"358 W 30th St, New York, NY 10001",hotel,1980,1985,Manhattan,yes
Ruins ,"158 Perry St, New York, NY 10014",cinema,1979,1985,Manhattan,yes
Studio 54 (originally Gallo Opera House),"254 W 54th St, New York, NY 10019",disco,1977,1986,Manhattan,no
Everard baths,"28 W 28th St, New York, NY 10001",baths,1888,1986,Manhattan,no
The Anvil,"500 W 14th St, New York, NY 10014",disco/backroom,1974,1986,Manhattan,no
Chelsea Big Wok,"207 10th Ave, New York, NY 10011",restaurant,1982,1986,Manhattan,yes
Les Hommes Book Store,"217 W 80th St, New York, NY 10024",bookstore,1970,1986,Manhattan,yes
Jason's Park Royal,"23 W 73rd St, New York, NY 10023",restaurant/cabaret,1982,1986,Manhattan,yes
Jan Wallman's,"28 Cornelia St, New York, NY 10014",restaurant,1977,1986,Manhattan,yes
The Toilet,"400 W 14th St, New York, NY 10014",bar/club/backroom,1970,1986,Manhattan,yes
Sweet Sensations II,"6322 20th Ave, Brooklyn, NY 11204",disco,1984,1986,Brooklyn ,yes
Adult Fair Cinema,"90-18 Astoria Blvd, East Elmhurst, NY 11369",erotica,1980,1986,Queens,yes
Pleasure Chest,"152 7th Ave S, New York, NY 10014",erotica,1980,1986,Manhattan,yes
Pleasure Chest,"939 2nd Ave, New York, NY 10022",erotica,1980,1986,Manhattan,yes
Underground Leather,"390 West St, New York, NY 10014",erotica,1980,1986,Manhattan,yes
Womanbooks,"201 W 92nd St, New York, NY 10025",bookstore,1975,1987,Manhattan,no
Paradise Garage,"84 King St, New York, NY 10014",club,1977,1987,Manhattan,no
Katherine Restaurant,"183 W 10th St, New York, NY 10014",restaurant,1985,1987,Manhattan,yes
Wildwood Tavern,"308 Columbus Ave, New York, NY 10023",bar,1974,1987,Manhattan,yes
Chequers,"311 W 48th St, New York, NY 10019",bar/restaurant,1986,1987,Manhattan,yes
Pete's Place,"317 E 5th St, New York, NY 10003",restaurant,1984,1987,Manhattan,yes
Red Parrot,"617 W 57th St, New York, NY 10019",club,1978,1987,Manhattan,yes
Cell Block 28,"28 9th Ave, New York, NY 10014",bar/club,1986,1987,Manhattan,yes
The Saint,"105 2nd Ave, New York, NY 10003",disco,1980,1988,Manhattan,no
Better Days,"315 W 49th St, New York, NY 10019",bar,1972,1988,Manhattan,no
Carmine's,"86 Mills Ave, Staten Island, NY 10305",bar/restaurant,1950,1988,Staten Island,no
Sandpiper,"86 Mills Ave, Staten Island, NY 10305",bar/restaurant,1950,1988,Staten Island,no
Danny's of Brooklyn Heights,"108 Montague St, Brooklyn, NY 11201",bar,1971,1988,Brooklyn ,yes
Christopher's,"115 Christopher St, New York, NY 10014",bar/restaurant,1982,1988,Manhattan,yes
Johnny's Pub,"123 E 47th St, New York, NY 10017",restaurant,1974,1988,Manhattan,yes
Midtown 43,"127 West 43rd St, New York, NY 10036",bar,1987,1988,Manhattan,yes
Trilogy,"135 Christopher St, New York, NY 10014",restaurant,1980,1988,Manhattan,yes
Panache,"149 E 57th St, New York, NY 10022",bar/restaurant,1987,1988,Manhattan,yes
Hideaway ,"153-40 Hillside Ave., Jamaica, NY 11432",disco,1974,1988,Queens ,yes
Chap's,"1558 3rd Ave, New York, NY 10128",bar,1980,1988,Manhattan,yes
Claire's Restaurant,"156 7th Ave, New York, NY 10011",bar/restaurant,1987,1988,Manhattan,yes
C.J. Blanda,"209 7th Ave, New York, NY 10011",bar,1985,1988,Manhattan,yes
Ronnie's Roost,"2130 Broadway, New York, NY 10023",bar,1974,1988,Manhattan,yes
Oh Johnny,"248 W 14th St, New York, NY 10011",bar,1987,1988,Manhattan,yes
Sweet Sensation,"2527 65th St Brooklyn, NY 11204",disco,1982,1988,Brooklyn,yes
Sally's Hideaway,"264 West 43rd St, New York, NY 10036",bar,1987,1988,Manhattan,yes
Big Apple,"3338 Broadway, New York, NY 10031",bar/club,1987,1988,Manhattan,yes
Clyde's,"340 Bleecker St, New York, NY 10014",restaurant,1980,1988,Manhattan,yes
Silver lining,"349 W 46th St, New York, NY 10036",restaurant,1983,1988,Manhattan,yes
Company,"365 3rd Ave, New York, NY 10016",bar/restaurant,1973,1988,Manhattan,yes
Badlands,"388 West St, New York, NY 10014",bar,1980,1988,Manhattan,yes
Shescape,"41 E 58th St, New York, NY 10022",restaurant,1985,1988,Manhattan,yes
Tracks,"531 W 19th St, New York, NY 10011",bar,1987,1988,Manhattan,yes
Duplex,"55 Grove St, New York, NY 10014",disco/cabaret,1980,1988,Manhattan,yes
Janice's Fish Place,"570 Hudson St, New York, NY 10014",bar,1982,1988,Manhattan,yes
Uncle Charlie's South,"581 3rd Ave, New York, NY 10016",restaurant,1972,1988,Manhattan,yes
Town and Country Pub,"656 9th Ave, New York, NY 10036",bar/restaurant,1983,1988,Manhattan,yes
Billy the Kid,"76-07 Roosevelt Ave, Jackson Heights, NY 11372",bar,1980,1988,Queens ,yes
Ox Cart,"78-11 Roosevelt Ave Jackson Heights, NY 11372",bar/restaurant,1987,1988,Queens,yes
Starz,"836 Grand Blvd Westbury, NY 11590",bar/restaurant,1987,1988,Queens,yes
La Stanza,"953 1st Ave., New York, NY 10022",bar/restaurant,1980,1988,Manhattan,yes
Club Se Soir,"50 Watts St, New York, NY 10013",club,1986,1988,Manhattan,yes
Manhole,"28 9th Ave, New York, NY 10014",private-club,1970,1989,Manhattan,yes
Grove Café,"70 Grove St, New York, NY 10014",juice-bar,1984,1989,Manhattan,yes
Pandora Books,"88 Court St, Brooklyn, NY 11201",bookstore,1970,1989,Brooklyn,yes
Cubby hole,"281 W 12th St, New York, NY 10014",bar,1983,1990,Manhattan,no
Brooklyn Heights Promenade,"5-1 Remsen St, Brooklyn, NY 11201",cruising,1952,1990,Brooklyn,no
Adonis Cinema,"8th Ave & W 50th St, New York, NY 10019",cinema,1975,1990,Manhattan,no
Variety Theater,"111 3rd Ave, New York, NY 10003",cruising-at-movies,1960,1990,Manhattan,yes
Park Miller Theater,"151 W 42nd St, New York, NY 10036",cruising-at-movies,1960,1990,Manhattan,yes
Regency East,"204 E 58th St, New York, NY 10022",bar,1980,1990,Manhattan,yes
The Kings,"236 W 50th St, New York, NY 10019",cruising-at-movies,1960,1990,Manhattan,yes
Thalia,"2541 Broadway, New York, NY 10025",cruising-at-movies,1960,1990,Manhattan,yes
Riverside,"2568 Broadway, New York, NY 10025",cruising-at-movies,1960,1990,Manhattan,yes
Rendezvous Book Store,"38 W 28th St, New York, NY 10001",bookstore,1980,1990,Manhattan,yes
Jaybird Books,"408 Jay St, Brooklyn, NY 11201",bookstore,1980,1990,Brooklyn,yes
Tomcat Theater,"424 W 42nd St, New York, NY 10036",cruising-at-movies,1960,1990,Manhattan,yes
Dutchess II,"70 Grove St, New York, NY 10014",bar,1989,1990,Manhattan,yes
"117 Christopher Video, Inc.","117 Christopher St, New York, NY 10014",erotica,1986,1990,Manhattan,yes
Amandia House,"722 St Nicholas Ave, New York, NY 10031",hotel,1986,1990,Manhattan,yes
Ann Street Adult Entertainment Center,"21 Ann St, New York, NY 10038",erotica,1986,1990,Manhattan,yes
Come Again,"353 E 53rd St, New York, NY 10022",erotica,1986,1990,Manhattan,yes
Courageous Books,"250 W 42nd St, New York, NY 10036",erotica,1986,1990,Manhattan,yes
Eve's Garden,"119 W 57th St, New York, NY 10019",erotica,1986,1990,Manhattan,yes
Flushing Adult Books & Video (2nd floor),"36-39 Main St Flushing, NY 11354",erotica,1986,1990,Queens,yes
G & A Books Inc,"251 W 42nd St, New York, NY 10036",erotica,1986,1990,Manhattan,yes
G&D Merchandise,"113 W 42nd St, New York, NY 10036",erotica,1986,1990,Manhattan,yes
Gaiety Male Burlesk,"201 W 46th St, New York, NY 10036",erotica,1975,1990,Manhattan,yes
Gay Treasures,"546 Hudson St, New York, NY 10014",erotica,1986,1990,Manhattan,yes
Gents,"360 W 42nd St, New York, NY 10036",private-club,1986,1990,Manhattan,yes
Harmony Video,"139 Christopher St, New York, NY 10014",erotica,1986,1990,Manhattan,yes
International Film & Video,"453 W 47th St, New York, NY 10036",erotica,1986,1990,Manhattan,yes
New World Video,"201 E 14th St, New York, NY 10003",erotica,1986,1990,Manhattan,yes
Pink Pussycat Boutique,"161 West 4th Street, New York, NY 10014",erotica,1986,1990,Manhattan,yes
Ricky's Place (downstairs),"210 W 42nd St, New York, NY 10036",erotica,1986,1990,Manhattan,yes
Seaport Bed & Breakfast,"27 Peck Slip, New York, NY 10038",hotel,1986,1990,Manhattan,yes
Sentry Uniform Cap,"106 New Lots Ave Brooklyn, NY 11212",erotica,1986,1990,Brooklyn,yes
Show Palace/ SLR Merchandising,"672 8th Ave, New York, NY 10036",erotica,1986,1990,Manhattan,yes
Two-Fifty Book Center,"250 W 42nd St, New York, NY 10036",erotica,1986,1990,Manhattan,yes
World of Video,"178 7th Ave S, New York, NY 10014",erotica,1986,1990,Manhattan,yes
Xtasy Down Under Male Emporium,"691 8th Ave, New York, NY 10036",erotica,1986,1990,Manhattan,yes
Su-Su's Yum Yum,"60 Henry St Brooklyn, NY 11201",bar/restaurant,1986,1990,Brooklyn,yes
Broadway Arms,"218 W 49th St, New York, NY 10019",baths,1967,1991,Manhattan,no
Park Villa II/On Stage,"70 Beach St, Staten Island, NY 10304",club,1979,1991,Staten Island,no
Grove Club,"70 Grove St, New York, NY 10014",bar,1990,1991,Manhattan,no
Kauffman Saddlery Co,"139 E 24th St, New York, NY 10010",sex-shop,1875,1991,Manhattan,yes
Kelly's Village West,"46 Bedford St, New York, NY 10014",cabaret,1974,1991,Manhattan,yes
Pandora's Box,"70 Grove St, New York, NY 10014",bar,1992,1992,Manhattan,no
Chelsea Transfer,"131 8th Ave, New York, NY 10011",bar,1987,1992,Manhattan,yes
Lyric,"213 West 42nd Street, New York, NY 10036",theatre,1903,1992,Manhattan,yes
Bike Stop West,"230 W 75th St, New York, NY 10023",bar,1973,1992,Manhattan,yes
Barbary Coast,"64 7th Avenue, New York, NY 10011",bar,1980,1992,Manhattan,yes
Reed's,"8 Christopher St, New York, NY 10014",bar/restaurant,1986,1992,Manhattan,yes
YMCA- William Sloane House,"356 W 34th St, New York, NY 10001",hotel,1930,1993,Manhattan,no
 Pyramid Bar,"101 Avenue A, New York, NY 10009",bar/club,1982,1993,Manhattan,yes
Rafiki,"170 Avenue A, New York, NY 10009",restaurant,1971,1993,Manhattan,yes
The Break,"232 8th Ave, New York, NY 10011",bar,1986,1993,Manhattan,yes
The Ballroom,"458 W Broadway, New York, NY 10012",restaurant,1980,1993,Manhattan,yes
One Potato,"518 Hudson St, New York, NY 10014",restaurant,1971,1993,Manhattan,yes
Hangout,"675 Hudson St, New York, NY 10014",bar/club,1986,1993,Manhattan,yes
After Five Plus,"5 Front St Brooklyn, NY 11201",bar,1986,1993,Brooklyn ,yes
Northern Men's Sauna,"137-08 Northern Blvd, Flushing, NY 11354",baths,1983,1994,Queens,no
Tiffany Restaurant,"222 West 4th Street, New York, NY 10014",restaurant,1964,1994,Manhattan,no
Twenty Nine Palms,"129 Lexington Ave, New York, NY 10016",bar/restaurant,1982,1994,Manhattan,yes
Waldo's,"151 Montague St Brooklyn, NY 11201",bar/restaurant,1986,1994,Brooklyn,yes
Spring Street Restaurant and Bar,"162 Spring St, New York, NY 10012",restaurant,1971,1994,Manhattan,yes
Rounds,"303 E 53rd St, New York, NY 10022",bar/restaurant,1979,1994,Manhattan,yes
Browne and Ferri,"396 Van Duzer St, Staten Island, NY 10304",bar/restaurant,1983,1995,Staten Island,no
Le Club,"416 E 55th St. New York, NY 10022",private-club/restaurant,1960,1995,Manhattan,no
Love Boat,"7702 Broadway Elmhurst, NY 11373",bar,1985,1995,Queens,no
Glory Hole,"130 11th Ave, New York, NY 10011",private-club,1970,1995,Manhattan,yes
Two Potato,"143 Christopher St, New York, NY 10014",bar,1983,1995,Manhattan,yes
Pegasus,"145 E 23rd St, New York, NY 10010",bar,1972,1995,Manhattan,yes
Selwyn,"229 W 42nd St, New York, NY 10036",theatre,1912,1995,Manhattan,yes
New David Cinema,"236 W 54th St, New York, NY 10019",cinema,1971,1995,Manhattan,yes
Chelsea Gym,"267 W 17th St, New York, NY 10011",gym,1982,1995,Manhattan,yes
D.T's a Fat Cat,"281 W 12th St, New York, NY 10014",bar/club,1988,1995,Manhattan,yes
Midtown Bookstore,"318 W 42nd St, New York, NY 10036",bookstore,1970,1995,Manhattan,yes
Star Sapphire,"400 E 59th St, New York, NY 10022",bar,1987,1995,Manhattan,yes
Tool Box,"507 West St, New York, NY 10014",bar,1971,1995,Manhattan,yes
Judith's Room,"681 Washington St, New York, NY 10014",bookstore,1989,1995,Manhattan,yes
Bar Room 432,"432 W 14th St, New York, NY 10014",bar,1990,1996,Manhattan,no
Café con Leche,"124 W 43rd St, New York, NY 10036",club,1993,1996,Manhattan,yes
Club Edelweiss,"167 W 29th St, New York, NY 10001",disco,1986,1996,Manhattan,yes
Uncle Charlie's Downtown,"56 Greenwich Ave, New York, NY 10011",bar,1980,1997,Manhattan,no
Eros Male Cinema,"732 8th Ave, New York, NY 10036",cinema,1969,1997,Manhattan,no
Tunnel,"116 1st Ave, New York, NY 10009 ",bar,1984,1997,Manhattan,yes
Trix,"234 W 50th St, New York, NY 10019",bar,1987,1997,Manhattan,yes
GH Club,"353 E 53rd St, New York, NY 10022",bar,1974,1997,Manhattan,yes
Five Oaks,"49 Grove St, New York, NY 10014",bar,1972,1997,Manhattan,yes
Uncle Charlie's Restaurant,"542 3rd Ave, New York, NY 10016",restaurant,1974,1997,Manhattan,yes
Cats  ,"730 8th Ave, New York, NY 10036",bar,1983,1997,Manhattan,yes
Breadstix,"113-24 Queens Blvd Forest Hills, NY 11375",bar/restaurant,1982,1998,Queens,yes
Ty's,"114 Christopher St, New York, NY 10014",bar,1972,1998,Manhattan,yes
Spike Bar,"120 11th Ave, New York, NY 10011",bar/backroom,1972,1998,Manhattan,yes
Hatfield's,"126- 10 Queens Blvd Richmond Hill, NY 11418",bar/disco,1984,1998,Queens,yes
The Dugout on Christopher,"185 Christopher St, New York, NY 10014",bar,1986,1998,Manhattan,yes
Crazy Nanny's,"21 7th Ave S, New York, NY 10014",bar/club,1986,1998,Manhattan,yes
Tiffany II Restaurant,"222 West 4th Street, New York, NY 10014",restaurant,1995,1998,Manhattan,yes
Brandy's Piano Bar,"235 E 84th St, New York, NY 10028",bar,1982,1998,Manhattan,yes
Townhouse,"236 E 58th St, New York, NY 10022",bar,1986,1998,Manhattan,yes
Escuelita,"301 W 39th St, New York, NY 10018",disco,1970,1998,Manhattan,yes
Candle Bar,"309 10th Ave, New York, NY 10001",bar,1982,1998,Manhattan,yes
Keller's,"384 West St, New York, NY 10014",bar,1968,1998,Manhattan,yes
Sneakers,"392 West St, New York, NY 10014",bar,1980,1998,Manhattan,yes
The Works,"428 Columbus Ave, New York, NY 10024",bar,1982,1998,Manhattan,yes
Splash,"50 W. 17th St, New York, NY 10011",bar/club,1991,2013,Manhattan,no
Rose's Turn,"55 Grove St, New York, NY 10014",bar/club,1986,1998,Manhattan,yes
Dakota,"550 3rd Ave, New York, NY 10016",bar,1980,1998,Manhattan,yes
The Bar ,"68 2nd Ave, New York, NY 10003",bar,1980,1998,Manhattan,yes
Magic Touch,"73-13 37th Rd Jackson Heights, NY 11372",bar/disco,1982,1998,Queens,yes
Pieces,"8 Christopher St, New York, NY 10014",bar,1993,1998,Manhattan,yes
Monster,"80 Grove St, New York, NY 10014",restaurant,1983,1998,Manhattan,yes
Krash,"34-48 Steinway St, Astoria, NY 11101",club,1996,1998,Queens ,yes
Eighty Eight's,"228 W 10th St, New York, NY 10014",bar/restaurant,1988,1999,Manhattan,no
Tom Cat Book Store,"38 W 28th St, New York, NY 10001",bookstore,1980,1999,Manhattan,yes
Club Expo/Kit Kat Klub,"124 W 43rd St, New York, NY 10036",club,1990,1999,Manhattan,yes
Cruising Spot,"1000 5th Ave, New York, NY 10028",cruising,1960,2000,Manhattan,yes
Cruising Spot,"106-21 68th Ave, Queens, NY 11375",cruising,1960,2000,Queens,yes
Cruising Spot,"115-98 Park Ln S, Jamaica, NY 11418",cruising,1960,2000,Queens,yes
Cameo Theatre,"128 W 44th St, New York, NY 10036",cruising,1960,2000,Manhattan,yes
Cruising Spot,"1471 Broadway, New York, NY 10036",cruising,1960,2000,Manhattan,yes
Cruising Spot,"225 W 42nd St, New York, NY 10036",cruising,1960,2000,Manhattan,yes
Metropolitan Theatre,"235 E 14th St, New York, NY 10003",cruising,1960,2000,Manhattan,yes
Brooklyn College,"2900 Bedford Avenue Brooklyn, NY 11210",cruising,1960,2000,Brooklyn,yes
Cruising Spot (subway stations) (PENN STATION ADDRESS),"390 7th Ave., New York, NY 10001",cruising,1960,2000,Manhattan,yes
Automat,"40 W 57th St, New York, NY 10019",cruising,1960,2000,Manhattan,yes
Macy's,"450 7th Ave, New York, NY 10123",cruising,1960,2000,Manhattan,yes
Tunnel cruising spot,"547 W 20th St, New York, NY 10011",cruising,1960,2000,Manhattan,yes
Bloomingdale's,"59th Street and, 1000 Third Avenue, Lexington Ave, New York, NY 10022",cruising,1960,2000,Manhattan,yes
Bus Station,"628 8th Ave, New York, NY 10018",cruising,1960,2000,Manhattan,yes
New School,"66 West 12th Street, New York, NY 10011",cruising,1960,2000,Manhattan,yes
Cruising Spot,"68-12 37th Rd, Woodside, NY 11377",cruising,1960,2000,Queens,yes
Cruising Spot,"6th Ave & Greenwich Ave, New York, NY 10011",cruising,1960,2000,Manhattan,yes
Cruising Spot,"915 3rd Ave, New York, NY 10022",cruising,1960,2000,Manhattan,yes
Cruising Spot,"Bleecker St & Hudson St, New York, NY 10014",cruising,1960,2000,Manhattan,yes
Cruising Spot,"Christopher St & West St, New York, NY 10014",cruising,1960,2000,Manhattan,yes
Cruising Spot,"E 70th St & Third Avenue, New York, NY  10021",cruising,1960,2000,Manhattan,yes
Riverside Park,"R25M+R3, New York, NY 10025",cruising,1960,2000,Manhattan,yes
Bryant Park,"W 42nd St & 5th AveNew York, NY 10036",cruising,1960,2000,Manhattan,yes
Cruising Spot,"W 75th St & Amsterdam Ave, New York, NY  10023",cruising,1960,2000,Manhattan,yes
Cruising Spot,"W 77th St & Central Park W, New York, NY  10024",cruising,1960,2000,Manhattan,yes
Life,"158 Bleecker St, New York, NY 10012",club,1996,2000,Manhattan,yes
A Different Light,"548 Hudson St, New York, NY 10014",bookstore,1983,2001,Manhattan,no
Greenwich Village Waterfront,"393 West St, New York, NY 10014",cruising,1914,2001,Manhattan,yes
Twilo,"530 W 27th St, New York, NY 10001",club,1995,2001,Manhattan,yes
Ninth Circle,"169 W 10th St, New York, NY 10014",bar/restaurant,1962,2002,Manhattan,yes
Mt. Morris Baths,"28 W 125th St, New York, NY 10027",baths,1920,2003,Manhattan,yes
Wall Street Sauna,"1 Maiden Ln, New York, NY 10038",baths,1974,2004,Manhattan,no
Meow Mix,"269 E Houston St, New York, NY 10002",club,1996,2004,Manhattan,no
Vinyl,"6 Hubert St, New York, NY 10013",club,1995,2004,Manhattan,yes
Leather Loft,"313 Amsterdam Ave, New York, NY 10023",gay-department-store,1980,2005,Manhattan,yes
Chez Michallet,"90 Bedford St, New York, NY 10014",restaurant,1988,2005,Manhattan,yes
Sazerac House,"533 Hudson St, New York, NY 10014",restaurant,1965,2006,Manhattan,no
Grand Sea Palace,"346 W 46th St, New York, NY 10036",restaurant,1985,2007,Manhattan,no
Limelight,"47 W 20th St, New York, NY 10011",disco,1983,2007,Manhattan,no
Roxy,"515 W 18th St, New York, NY 10011",disco,1978,2007,Manhattan,no
The Noose,"261 W 19th St, New York, NY 10011",erotica,1970,2007,Manhattan,yes
Oscar Wilde Memorial Book Store,"15 Christopher St, New York, NY 10014",bookstore,1967,2009,Manhattan,no
Christopher Street Book Shop,"500 Hudson St, New York, NY 10014",bookstore,1967,2009,Manhattan,no
Starlite Lounge,"1084 Bergen St, Brooklyn, NY 11216",bar,1962,2010,Brooklyn,no
"South Beach, Franklin D. Roosevelt Boardwalk & Parking Lots","642 Father Capodanno Blvd, Staten Island, NY 10305",cruising,1960,2010,Staten Island,no
Don Hill's,"511 Greenwich StNew York, NY 10013",club,1993,2011,Manhattan,yes
Rawhide,"212 8th Ave, New York, NY 10011",bar,1979,2013,Manhattan,yes
Boots and Saddle,"100a 7th Ave S, New York, NY 10014",bar,1974,2015,Manhattan,no
Ruby Foo,"240 W 52nd St, New York, NY 10019",bar,1972,2015,Manhattan,yes
Bum Bum Bar,"63-14 Roosevelt Ave, Flushing, NY 11377",bar,1990,2019,Queens,no
Colonial House Inn,"318 W 22nd St, New York, NY 10011",hotel,1985,2021,Manhattan,yes
Earle Hotel,"103 Waverly Pl, New York, NY 10011",hotel,1902,2025,Manhattan,no
The Eagle,"142 11th Ave, New York, NY 10011",bar,1970,2025,Manhattan,no
Empire Diner,"154 11th Ave, New York, NY 10011",restaurant,1976,2025,Manhattan,no
Riis Park Beach,"157 Rockaway Beach Blvd, Rockaway Park, NY 11694",cruising,1940,2025,Queens,no
Julius',"159 W 10th St, New York, NY 10014",bar,1930,2025,Manhattan,no
Ye Waverly Inn,"16 Bank St, New York, NY 10014",restaurant,1920,2025,Manhattan,no
Community Book Stores,"162 Montague St, Brooklyn, NY 11201",bookstore,1971,2025,Brooklyn,no
"One If By Land, Two If By Sea","17 Barrow St, New York, NY 10014",restaurant,1973,2025,Manhattan,no
SOB's,"204 Varick St, New York, NY 10014",restaurant,1982,2025,Manhattan,no
The Townhouse Restaurant,"206 E 58th St, New York, NY 10022",restaurant,1989,2025,Manhattan,no
Amsterdam,"214 W 42nd St, New York, NY 10036",theatre,1903,2025,Manhattan,no
Eastside Sauna,"227 E 56th St, New York, NY 10022",baths,1976,2025,Manhattan,no
Cubbyhole,"281 W 12th St, New York, NY 10014",bar,1994,2025,Manhattan,no
Incentra Village House,"32 8th Ave, New York, NY 10014",hotel,1841,2025,Manhattan,no
Don't Tell Mama,"343 W 46th St, New York, NY 10036",restaurant,1982,2025,Manhattan,no
Junior's,"386 Flatbush Avenue EXT, Brooklyn, New York 11201",restaurant,1950,2025,Brooklyn,no
Henrietta Hudson,"438-444 Hudson St, New York, NY 10014",bar,1991,2025,Manhattan,no
YMCA- West Side Branch,"5 W 63rd St, New York, NY 10023",hotel,1896,2025,Manhattan,no
Marlton Hotel,"5 W 8th St, New York, NY 10011",hotel,1900,2025,Manhattan,no
Marie's Crisis,"59 Grove St, New York, NY 10014",bar,1929,2025,Manhattan,no
Friend's Tavern,"78-11 Roosevelt Ave, Jackson Heights, NY 11372",bar,1989,2025,Queens ,no
Fanelli's,"94 Prince St, New York, NY 10012",restaurant,1922,2025,Manhattan,no
Albert Hotel,"23 E 10th St, New York, NY 10003",hotel,1886,2025,Manhattan,yes
Beekman Place Park/River,"3 Mitchell Pl, New York, NY 10017",cruising,1942,2025,Manhattan,yes
Chelsea Pines Inn,"317 W 14th St, New York, NY 10014",hotel,1985,2025,Manhattan,yes
Chelsea Mews Guest House,"344 W 15th St, New York, NY 10011",hotel,1941,2025,Manhattan,yes
The Stone Wall,"53 Christopher St, New York, NY 10014",bar,1967,2025,Manhattan,yes
Leather Man,"85 Christopher St, New York, NY 10014",sex-shop,1965,2025,Manhattan,yes
Central Park,"Central Park, New York, NY  10028",cruising ,1890,2025,Manhattan,yes
Orchard Beach,"Orchard Beach Cir, City Island Rd, Bronx, NY 10464",cruising,1940,2025,Bronx,yes
60-05 Club,"60-5 Metropolitan Ave Ridgewood, NY 11385",bar,1971,1972,Queens,yes
Applause,"360 Lexington Ave, New York, NY 10017",restaurant,1979,1980,Manhattan,yes
Barrel Inn,"568 9th Ave, New York, NY 10036",bar,1971,1972,Manhattan,yes
Beau Geste,"239 3rd Ave, New York, NY 10003",bar/restaurant,1972,1981,Manhattan,yes
Belly Button,"68 Greenwich Ave, New York, NY 10011",restaurant,1973,1975,Manhattan,yes
"Benton-Smith, Ltd","56 E Mt Eden Ave, Bronx, NY 10452",disco,1979,1980,Bronx,yes
Bonampak Mexican Restaurant,"235 E 53rd St, New York, NY 10022",bar/restaurant,1982,1986,Manhattan,yes
Britt Top,"1716 2nd Ave, New York, NY 10128",bar,1972,1973,Manhattan,yes
Brother Moe's,"1643 1st Ave, New York, NY 10028",bar/restaurant,1971,1972,Manhattan,yes
Bull Feathers,"1716 2nd Ave, New York, NY 10128",bar,1971,1972,Manhattan,yes
Camp David,"1007 Lexington Ave, New York, NY 10021",bar,1974,1975,Manhattan,yes
Casa Laredo,"551 Hudson St, New York, NY 10014",restaurant,1973,1975,Manhattan,yes
Cats Too,"232 W 48th St, New York, NY 10036",bar/club,1986,1990,Manhattan,yes
Chairman,"360 Lexington Ave, New York, NY 10017",bar,1974,1975,Manhattan,yes
Danny's Bar In The Hideaway Motel,"500 W 14th St, New York, NY 10014",bar,1971,1972,Manhattan,yes
E & H Kast,"152 Spring St, New York, NY 10012",restaurant,1975,1979,Manhattan,yes
Gallery,"77 Christopher St, New York, NY 10014",restaurant,1973,1975,Manhattan,yes
Hip-A-Drome,"165 Avenue A, New York, NY 10009",bar/club,1971,1972,Manhattan,yes
II Gigolo,"78-17 Roosevelt Ave Flushing, NY 11372",bar/restaurant,1986,1988,Queens,yes
Iron Horse Pub,"189 7th Ave, Brooklyn, NY 11215",restaurant/cabaret,1980,1981,Brooklyn ,yes
Le Jules Verne,"189 W 10th St, New York, NY 10014",restaurant,1973,1975,Manhattan,yes
Lighthouse,"2160 Broadway, New York, NY 10023",bar,1971,1972,Manhattan,yes
Luizzi's,"180 Prince St, New York, NY 10012",restaurant,1975,1979,Manhattan,yes
Main Man ,"305 Columbus Ave, New York, NY 10023",bar,1980,1981,Manhattan,yes
Mark East,"313 E 46th St, New York, NY 10017",bar,1971,1972,Manhattan,yes
Max Seafood Restaurant,"305 West End Ave, New York, NY 10023",restaurant,1986,1990,Manhattan,yes
Monte's of Henry Street,"404 Henry St Brooklyn, NY 11201",bar,1973,1974,Brooklyn,yes
Pepy's Place,"153 W 48th St, New York, NY 10036",bar/restaurant,1971,1972,Manhattan,yes
Pier Nine,"215 2nd Ave, New York, NY 10003",restaurant,1986,1990,Manhattan,yes
Potbelly Stove,"94 Christopher St, New York, NY 10014",bar/restaurant,1986,1990,Manhattan,yes
Pub Society,"1694 2nd Ave, New York, NY 10128",bar/restaurant,1971,1972,Manhattan,yes
Red Rooster,"2374 7th Ave, New York, NY 10030",bar/club,1987,1991,Manhattan,yes
Rex Café Expresso,"161 Prince St, New York, NY 10012",restaurant/café,1975,1979,Manhattan,yes
Rosalie's,"531 Hudson St, New York, NY 10014",restaurant,1986,1990,Manhattan,yes
Show Place,"146 W 4th St, New York, NY 10012",bar,1971,1972,Manhattan,yes
Silhouette,"53 W 19th St, New York, NY 10011",restaurant,1979,1981,Manhattan,yes
Silver Dollar,"163 Christopher St, New York, NY 10014",restaurant,1973,1975,Manhattan,yes
Soundscape,"500 W 52nd St, New York, NY 10019",disco,1982,1983,Manhattan,yes
Sparky's,"130-4 Atlantic Ave, South Richmond Hill, NY 11419",bar,1980,1981,Queens ,yes
Spectrum,"802 64th St Brooklyn, NY 11220",bar/disco,1986,1998,Brooklyn,yes
Strap,"130 10th Ave, New York, NY 10011",backroom,1980,1981,Manhattan,yes
Sundowner's,"309 E 60th St, New York, NY 10022",bar/restaurant,1972,1973,Manhattan,yes
Tamburlane,"148 W 48th St, New York, NY 10036",bar/club,1971,1972,Manhattan,yes
The Barefoot Boy,"309 East 39th Street at Second Ave, New York, NY 10016",bar,1980,1981,Manhattan,yes
The New Camp,"311 E 60th St, New York, NY 10022",bar,1973,1974,Manhattan,yes
The Old Vic,"2nd Ave & E 59th St, New York, NY 10022",bar/club,1968,1972,Manhattan,yes
The Square Lemon,"135-06 Northern Blvd Flushing, NY 11354",bar,1973,1975,Queens,yes
Third Avenue El,"895 3rd Ave, New York, NY 10022",restaurant,1973,1975,Manhattan,yes
Tijuana Cat,"350 W 46th St, New York, NY 10036",bar,1972,1981,Manhattan,yes
Triangle Bar,"34 9th Ave, New York, NY 10014",bar,1971,1972,Manhattan,yes
Tropicalia,"1634 3rd Ave, New York, NY 10128",disco,1975,1979,Manhattan,yes
Turn Table,"114 W 45th St, New York, NY 10036",bar,1974,1975,Manhattan,yes
Uncle Paul's,"8 Christopher St, New York, NY 10014",bar,1979,1981,Manhattan,yes
Victor's Quarters,"84 2nd Ave, New York, NY 10003",bar,1971,1972,Manhattan,yes
Warehouse Pier 51,"324 Amsterdam Ave, New York, NY 10023",disco,1980,1981,Manhattan,yes
Willie's West Side,"224 W 82nd St, New York, NY 10024",bar,1971,1972,Manhattan,yes