name,address,type,opened,closed,borough,date approx.,latitude,longitude
Incentra Village House,"32 8th Ave, New York, NY 10014",hotel,1841,2025,Manhattan,no,40.737892705463,-74.004344658984
Kauffman Saddlery Co,"139 E 24th St, New York, NY 10010",sex shop,1875,1991,Manhattan,yes,40.740632009397,-73.985200578477
Albert Hotel,"23 E 10th St, New York, NY 10003",hotel,1886,2025,Manhattan,yes,40.732753917759,-73.993710706829
Everard baths,"28 W 28th St, New York, NY 10001",baths,1888,1986,Manhattan,no,40.745335123427,-73.989001380167
YMCA- West Side Branch,"5 W 63rd St, New York, NY 10023",hotel,1896,2025,Manhattan,no,40.770949966967,-73.980948671096
Marlton Hotel,"5 W 8th St, New York, NY 10011",hotel,1900,2025,Manhattan,no,40.732417659189,-73.996580798396
Earle Hotel,"103 Waverly Pl, New York, NY 10011",hotel,1902,2025,Manhattan,no,40.732338504435,-73.998715973334
Lyric,"213 West 42nd Street, New York, NY 10036",theatre,1903,1992,Manhattan,yes,40.756250409966,-73.987311874446
Amsterdam,"214 W 42nd St, New York, NY 10036",theatre,1903,2025,Manhattan,no,40.756173570281,-73.987440688828
Van Rensselaser Hotel,"17 E 11th St, New York, NY 10003",hotel,1912,1973,Manhattan,yes,40.733666059602,-73.994018391865
Selwyn,"229 W 42nd St, New York, NY 10036",theatre,1912,1995,Manhattan,yes,40.756436740755,-73.987753884598
Empire,"234 W 42nd St, New York, NY 10036",theatre,1912,1985,Manhattan,yes,40.756406483767,-73.987993201518
New Saint Marks,"6 St Marks Pl, New York, NY 10003",baths,1913,1978,Manhattan,no,40.72936997662,-73.989627631651
Greenwich Village Waterfront,"393 West St, New York, NY 10014",cruising,1914,2001,Manhattan,yes,40.732884384475,-74.010120615619
New Yorker,"2418 Broadway, New York, NY 10024",cruising at movies,1914,1985,Manhattan,yes,40.790136884141,-73.974996344769
Mt. Morris Baths,"28 W 125th St, New York, NY 10027",baths,1920,2003,Manhattan,yes,40.806742759745,-73.943203427762
Hotel St. George,"51 Clark St, Brooklyn, NY 11201",hotel,1920,1978,Brooklyn,,40.697852385156,-73.994260645553
Ye Waverly Inn,"16 Bank St, New York, NY 10014",restaurant,1920,2025,Manhattan,no,40.737002513568,-74.002193752801
Apollo,"223 W 42nd St, New York, NY 10036",theatre,1920,1978,Manhattan,yes,40.756366866709,-73.987588130791
Times Square Motor Inn,"W 43rd St & 8th Ave, New York, NY 10036",hotel,1922,1981,Manhattan,yes,40.757904734182,-73.989295554105
Fanelli's,"94 Prince St, New York, NY 10012",restaurant,1922,2025,Manhattan,no,40.724615252736,-73.998688234515
55th Street Playhouse,"7th Ave & W 55th St, New York, NY 10105",cinema,1927,1980,Manhattan,yes,40.764222732653,-73.980979556386
Marie's Crisis,"59 Grove St, New York, NY 10014",bar,1929,2025,Manhattan,no,40.733039150743,-74.003774595842
Julius',"159 W 10th St, New York, NY 10014",bar,1930,2025,Manhattan,no,40.734507837722,-74.001646396833
YMCA- William Sloane House,"356 W 34th St, New York, NY 10001",hotel,1930,1993,Manhattan,no,40.752819689075,-73.995112460292
Manhattan Towers,"Broadway & W 76th St, New York, NY 10024",hotel,1935,1974,Manhattan,yes,40.781754729226,-73.981065055293
Stauch's baths,"2534 W 15th St, Brooklyn, NY 11214",baths,1940,1983,Brooklyn,yes,40.585568368622,-73.984224892308
Riis Park Beach,"157 Rockaway Beach Blvd, Rockaway Park, NY 11694",cruising,1940,2025,Queens,no,40.583332325182,-73.82473090311
Chelsea Mews Guest House,"344 W 15th St, New York, NY 10011",hotel,1941,2025,Manhattan,yes,40.740934918649,-74.003337416056
Elgin Theater,"176 8th Ave, New York, NY 10011",cruising at movies,1942,1978,Manhattan,no,40.742760858935,-74.000246022738
Menemsha Bar,"132 E 57th St, New York, NY 10022",bar,1947,1985,Manhattan,yes,40.760850783689,-73.969101851706
Sandpiper,"86 Mills Ave, Staten Island, NY 10305",bar/restaurant,1950,1988,Staten Island,,40.595239242994,-74.067728199583
Carmine's,"86 Mills Ave, Staten Island, NY 10305",bar/restaurant,1950,1988,Staten Island,,40.595239242994,-74.067728199583
Bon Soir,"40 W 8th St, New York, NY 10011",club,1950,1970,Manhattan,yes,40.732946056265,-73.998135912517
Junior's,"386 Flatbush Avenue EXT, Brooklyn, New York 11201",restaurant,1950,2025,Brooklyn,no,40.689862761435,-73.981612635581
Mayfair Bar & Grill,"3 Hyatt St, Staten Island, NY 10301",bar/restaurant,1952,1979,Staten Island,,40.642256066563,-74.076571293018
Brooklyn Heights Promenade,"5-1 Remsen St, Brooklyn, NY 11201",cruising,1952,1990,Brooklyn,no,40.695016395816,-73.997598125157
Eighty-two Club,"82 E 4th St, New York, NY 10003",club,1953,1978,Manhattan,no,40.726213651913,-73.989643891205
"South Beach, Franklin D. Roosevelt Boardwalk & Parking Lots","642 Father Capodanno Blvd, Staten Island, NY 10305",cruising,1960,2010,Staten Island,no,40.568584551886,-74.092251571948
Cruising Spot,"1000 5th Ave, New York, NY 10028",cruising,1960,2000,Manhattan,yes,40.778444875775,-73.962587168654
Cruising Spot,"106-21 68th Ave, Queens, NY 11375",cruising,1960,2000,Queens,yes,40.726548556815,-73.848112277527
Cruising Spot,"115-98 Park Ln S, Jamaica, NY 11418",cruising,1960,2000,Queens,yes,40.706903321353,-73.837790898201
Cameo Theatre,"128 W 44th St, New York, NY 10036",cruising,1960,2000,Manhattan,yes,40.756421406397,-73.983990173076
Cruising Spot,"1471 Broadway, New York, NY 10036",cruising,1960,2000,Manhattan,yes,40.754740623525,-73.986809879048
Cruising Spot,"225 W 42nd St, New York, NY 10036",cruising,1960,2000,Manhattan,yes,40.756390158057,-73.98764338206
Metropolitan Theatre,"235 E 14th St, New York, NY 10003",cruising,1960,2000,Manhattan,yes,40.732959256949,-73.98623350157
Brooklyn College,"2900 Bedford Avenue Brooklyn, NY 11210",cruising,1960,2000,Brooklyn,yes,40.632082841755,-73.952792471361
Cruising Spot (subway stations) (PENN STATION ADDRESS),"390 7th Ave., New York, NY 10001",cruising,1960,2000,Manhattan,yes,40.748225072258,-73.992727302541
Automat,"40 W 57th St, New York, NY 10019",cruising,1960,2000,Manhattan,yes,40.763456397141,-73.975296252603
Macy's,"450 7th Ave, New York, NY 10123",cruising,1960,2000,Manhattan,yes,40.751542294719,-73.990304919101
Tunnel cruising spot,"547 W 20th St, New York, NY 10011",cruising,1960,2000,Manhattan,yes,40.746618604514,-74.007289655559
Bloomingdale's,"59th Street and, 1000 Third Avenue, Lexington Ave, New York, NY 10022",cruising,1960,2000,Manhattan,yes,40.761549732671,-73.966584061159
Bus Station,"628 8th Ave, New York, NY 10018",cruising,1960,2000,Manhattan,yes,40.756201416369,-73.990456384716
New School,"66 West 12th Street, New York, NY 10011",cruising,1960,2000,Manhattan,yes,40.735520557301,-73.996747340659
Cruising Spot,"68-12 37th Rd, Woodside, NY 11377",cruising,1960,2000,Queens,yes,40.747540194144,-73.897310332601
Cruising Spot,"6th Ave & Greenwich Ave, New York, NY 10011",cruising,1960,2000,Manhattan,yes,40.733613739298,-73.999555552293
Cruising Spot,"915 3rd Ave, New York, NY 10022",cruising,1960,2000,Manhattan,yes,40.759030363774,-73.968333471373
Cruising Spot,"Bleecker St & Hudson St, New York, NY 10014",cruising,1960,2000,Manhattan,yes,40.736570238931,-74.005572050187
Cruising Spot,"Christopher St & West St, New York, NY 10014",cruising,1960,2000,Manhattan,yes,40.732475877752,-74.010056855499
Cruising Spot,"E 70th St & Third Avenue, New York, NY  10021",cruising,1960,2000,Manhattan,yes,40.768434731147,-73.961557562352
Riverside Park,"R25M+R3, New York, NY 10025",cruising,1960,2000,Manhattan,yes,40.706473253071,-74.011990490151
Bryant Park,"W 42nd St & 5th AveNew York, NY 10036",cruising,1960,2000,Manhattan,yes,40.753476734754,-73.980889557067
Cruising Spot,"W 75th St & Amsterdam Ave, New York, NY  10023",cruising,1960,2000,Manhattan,yes,40.78055772943,-73.98021005564
Cruising Spot,"W 77th St & Central Park W, New York, NY  10024",cruising,1960,2000,Manhattan,yes,40.779477729408,-73.973572557832
Le Club,"416 E 55th St. New York, NY 10022",private club/restaurant,1960,1995,Manhattan,,40.756310024192,-73.962366458169
Pompier Restaurant,"82 W 3rd St, New York, NY 10012",restaurant,1960,1967,Manhattan,no,40.729727284852,-73.998837553922
Variety Theater,"111 3rd Ave, New York, NY 10003",cruising at movies,1960,1990,Manhattan,yes,40.732773819936,-73.987474107554
Park Miller Theater,"151 W 42nd St, New York, NY 10036",cruising at movies,1960,1990,Manhattan,yes,40.755385542479,-73.985241921593
The Kings,"236 W 50th St, New York, NY 10019",cruising at movies,1960,1990,Manhattan,yes,40.761687734819,-73.984832884748
Thalia,"2541 Broadway, New York, NY 10025",cruising at movies,1960,1990,Manhattan,yes,40.794112112204,-73.97226833732
Riverside,"2568 Broadway, New York, NY 10025",cruising at movies,1960,1990,Manhattan,yes,40.794961609494,-73.971474497058
Tomcat Theater,"424 W 42nd St, New York, NY 10036",cruising at movies,1960,1990,Manhattan,yes,40.758799150425,-73.993672132021
Starlite Lounge,"1084 Bergen St, Brooklyn, NY 11216",bar,1962,2010,Brooklyn,no,40.676049378048,-73.95013486691
Ninth Circle,"169 W 10th St, New York, NY 10014",bar/restaurant,1962,2002,Manhattan,yes,40.734387386905,-74.002479787133
Beach Haven Bar,"901 Father Capodanno Blvd, Staten Island, NY 10305",bar,1963,1985,Staten Island,,40.574412273445,-74.085443872137
Tiffany Restaurant,"222 West 4th Street, New York, NY 10014",restaurant,1964,1994,Manhattan,no,40.734052345606,-74.0029843492
Kooky's,"149 W 14th St, New York, NY 10011",bar,1965,1973,Manhattan,,40.737897711505,-73.997970466942
Buddy-Buddy Club,"1400 Clove Rd, Staten Island, NY 10301",bar/restaurant,1965,1976,Staten Island,,40.613382796106,-74.100553061079
Sazerac House,"533 Hudson St, New York, NY 10014",restaurant,1965,2006,Manhattan,no,40.734391768437,-74.006263726653
Leather Man,"85 Christopher St, New York, NY 10014",sex shop,1965,2025,Manhattan,yes,40.733533569713,-74.003709132226
Carr's,"204 W 10th St, New York, NY 10014",bar,1966,,Manhattan,yes,40.734038356219,-74.003990381761
Broadway Arms,"218 W 49th St, New York, NY 10019",baths,1967,1991,Manhattan,no,40.760876533687,-73.984858030389
Oscar Wilde Memorial Book Store,"15 Christopher St, New York, NY 10014",bookstore,1967,2009,Manhattan,no,40.734018070616,-74.000446061484
Christopher Street Book Shop,"500 Hudson St, New York, NY 10014",bookstore,1967,2009,Manhattan,no,40.732992610387,-74.006342015457
Corduroy Club,"240 W 38th St, New York, NY 10018",private club,1967,1971,Manhattan,no,40.753956332861,-73.989996748896
Serendipity General Store,"225 E 60th St, New York, NY 10022",after hours malt shop,1968,1974,Manhattan,yes,40.761984190017,-73.965509166861
The Camp,"W 69th St & Columbus Ave, New York, NY 10023",after hours place,1968,1974,Manhattan,yes,40.775481730423,-73.980201055951
Big Spender,"315 W 48th St, New York, NY 10019",bar,1968,,Manhattan,,40.761382795077,-73.98767888554
Suana baths & Health Club,"18 W 58th St, New York, NY 10019",baths,1968,1974,Manhattan,yes,40.764076299656,-73.974561716118
Continental Baths at the Ansonia Hotel,"230 W 74th St, New York, NY 10023",baths,1968,1976,Manhattan,no,40.780551797487,-73.982322755601
Omnibus,"69 W 10th St, New York, NY 10011",coffee shop,1968,1974,Manhattan,yes,40.734461619825,-73.997789884045
The Laundry Chute,"W 74th St & Amsterdam Ave, New York, NY 10023",coffee shop,1968,1974,Manhattan,yes,40.779927729569,-73.98067355553
Tenth of Always,"82 W 3rd St, New York, NY 10012",juice bar,1968,1972,Manhattan,,40.729727284852,-73.998837553922
NY Motorbike Club,"149 W 21st St, New York, NY 10011",private club,1968,1974,Manhattan,yes,40.74225167781,-73.995094658862
The New Gallery (in Van Rensselaer Hotel),"15 E 11th St, New York, NY 10003",private club,1968,1974,Manhattan,yes,40.733691551257,-73.99407893453
Mystique East,"256 E 49th St, New York, NY 10022",private club,1968,1974,Manhattan,yes,40.75457873424,-73.969915181762
The Great Society,"2nd Ave & E 14th St, New York, NY 10003",private club,1968,1974,Manhattan,yes,40.732344739034,-73.984939557051
Two Penny Club,"36 E 30th St, New York, NY 10016",private club,1968,1974,Manhattan,yes,40.74507654427,-73.984559661778
El Baron Club,"74-02 Eliot Ave, Flushing, NY 11379",private club,1968,1974,Queens,yes,40.722008853265,-73.885525010062
Table Top Club,"E 93rd St & 3rd Ave, New York, NY 10128",private club,1968,1974,Manhattan,yes,40.783257727867,-73.950739564919
The Den,"Greenwich St & W 12th St, New York, NY 10014",private club,1968,1974,Manhattan,yes,40.737546738771,-74.006485549836
Stud (International),"731 Greenwich St, New York, NY 10014",bar/backroom,1969,1981,Manhattan,yes,40.734760167764,-74.006964287111
Eros Male Cinema,"732 8th Ave, New York, NY 10036",cinema,1969,1997,Manhattan,no,40.759319367339,-73.988190693853
Horn of Plenty,"91 Charles St, New York, NY 10014",restaurant,1969,1984,Manhattan,yes,40.734685136181,-74.004954087383
The Snake Pit,"215 W 10th St, New York, NY 10014",after hours bar,1970,1971,Manhattan,yes,40.7340772401,-74.004500395673
The Eagle,"142 11th Ave, New York, NY 10011",bar,1970,2025,Manhattan,no,40.736030309199,-73.999965714908
The Toilet,"400 W 14th St, New York, NY 10014",bar/club/backroom,1970,1986,Manhattan,yes,40.740926418159,-74.005467857445
42nd Street Barracks,"226 W 42nd St, New York, NY 10036",baths,1970,1985,Manhattan,yes,40.756313318373,-73.987772196442
Beacon Baths,"227 E 45th St, New York, NY 10017",baths,1970,1985,Manhattan,yes,40.752480001582,-73.972383702518
Sauna Baths,"300 W 58th St, New York, NY 10019",baths,1970,1985,Manhattan,yes,40.767377003421,-73.982481747659
Ansonia Books,"170 W 74th St, New York, NY 10023",bookstore,1970,1980,Manhattan,yes,40.779658771468,-73.980191261351
Studio Book Store,"178 Christopher St, New York, NY 10014",bookstore,1970,1980,Manhattan,yes,40.7324835119,-74.009285371846
Black Jack Books,"210 W 42nd St, New York, NY 10036",bookstore,1970,1979,Manhattan,yes,40.756126987584,-73.98733018629
Les Hommes Book Store,"217 W 80th St, New York, NY 10024",bookstore,1970,1986,Manhattan,yes,40.784154456015,-73.978433277999
Midtown Bookstore,"318 W 42nd St, New York, NY 10036",bookstore,1970,1995,Manhattan,yes,40.757710986687,-73.991089446044
Pandora Books,"88 Court St, Brooklyn, NY 11201",bookstore,1970,1989,Brooklyn,yes,40.691288762954,-73.99167694363
Crisco Disco,"9th Ave & W 15th St, New York, NY 10011",disco,1970,1983,Manhattan,no,40.741641737912,-74.004861050107
The Noose,"261 W 19th St, New York, NY 10011",erotica,1970,2007,Manhattan,yes,40.742418197834,-73.999123051711
David Manscuso Residence/The Loft,"645-547 Broadway, New York, NY 10012",house party,1970,1974,Manhattan,no,40.723629692368,-73.998388585487
Glory Hole,"130 11th Ave, New York, NY 10011",private club,1970,1995,Manhattan,yes,40.747140670316,-74.007718123972
Manhole,"28 9th Ave, New York, NY 10014",private club,1970,1989,Manhattan,yes,40.740333216848,-74.005728118419
Gilded Grape,"719 8th Ave, New York, NY 10036",restaurant,1970,1977,Manhattan,yes,40.759318374116,-73.988364613461
Hungry Hildas,"709 8th Ave, New York, NY 10036",restaurant,1970,1979,Manhattan,yes,40.758914799908,-73.988655581427
Legend Gallery,"152 7th Ave S, New York, NY 10014",sex shop,1970,1980,Manhattan,yes,40.735223803261,-74.001962869614
Ron Alter Designs,"167 8th Ave, New York, NY 10011",sex shop,1970,1978,Manhattan,yes,40.742539365682,-74.000580763261
Marquis de Suede,"20 W 22nd St, New York, NY 10010",sex shop,1970,1980,Manhattan,yes,40.741098906407,-73.990751757916
Jorge Menendez,"444 Central Park W, New York, NY 10025",sex shop,1970,1978,Manhattan,yes,40.797044372047,-73.960843516682
Hernando's,"9 Christopher St, New York, NY 10014",sex shop,1970,1985,Manhattan,yes,40.734066562113,-74.000111608124
Fire House,"99 Wooster St, New York, NY 10012",activist dances,1971,1974,Manhattan,no,40.724429298536,-74.000991562657
Regent of Tokyo,"251 W 53rd St, New York, NY 10019",bar,1971,1974,Manhattan,yes,40.763825981162,-73.983757863452
Club baths,"24 1st Ave, New York, NY 10009",baths,1971,1985,Manhattan,no,40.723641043139,-73.988097078297
Community Book Stores,"162 Montague St, Brooklyn, NY 11201",bookstore,1971,2025,Brooklyn,no,40.69429019077,-73.992702337998
New David Cinema,"236 W 54th St, New York, NY 10019",cinema,1971,1995,Manhattan,yes,40.764072995309,-73.982720124232
Al Buon Gusto,"257 Columbus Ave, New York, NY 10023",restaurant,1971,1972,Manhattan,yes,40.777266290402,-73.97881645475
Beaded Bag,"951 1st Ave, New York, NY 10022",restaurant,1971,1972,Manhattan,yes,40.755384218421,-73.965140988265
Circus Lounge,"1369 Flatbush Ave, Brooklyn, NY 11210",restaurant,1971,1972,Manhattan,yes,40.6374929318,-73.952524703195
El Mirador,"899 1st Ave, New York, NY 10022",restaurant,1971,1972,Manhattan,yes,40.754046554063,-73.966121422998
Luigi II,"104 W 13th St, New York, NY 10011",restaurant,1971,1972,Manhattan,yes,40.736885397555,-73.998008998247
Male Box,"1716 2nd Avenue, New York, NY 10128",restaurant,1971,1972,Manhattan,yes,40.779833506352,-73.950231873255
One Potato,"518 Hudson St, New York, NY 10014",restaurant,1971,1993,Manhattan,yes,40.733675554274,-74.006226784547
Rafiki,"170 Avenue A, New York, NY 10009",restaurant,1971,1993,Manhattan,yes,40.728344822608,-73.981777822783
Spring Street Restaurant and Bar,"162 Spring St, New York, NY 10012",restaurant,1971,1994,Manhattan,yes,40.724471672489,-74.001908179141
The Striped Shirt,"1393 2nd Ave, New York, NY 10021",restaurant,1971,1972,Manhattan,yes,40.769027070459,-73.95828531873
Troubador,"1078 1st Ave, New York, NY 10022",restaurant,1971,1974,Manhattan,yes,40.759183524895,-73.962197714371
Walter's Apartment,"1068 2nd Ave, New York, NY 10022",bar,1972,1974,Manhattan,yes,40.758777270073,-73.965592415388
Charlie's Also,"1154 1st Ave, New York, NY 10065",bar,1972,NA,Manhattan,,40.762269258825,-73.959950940722
Ruby Foo,"240 W 52nd St, New York, NY 10019",bar,1972,2015,Manhattan,yes,40.763003655481,-73.9840711655
Better Days,"315 W 49th St, New York, NY 10019",bar,1972,1988,Manhattan,no,40.76195796726,-73.987117615425
Bill Bailey's,"492 Bay St, Staten Island, NY 10304",bar,1972,1983,Staten Island,,40.629901348612,-74.076786228583
Dutchess,"70 Grove St, New York, NY 10014",bar,1972,1982,Manhattan,no,40.733241711447,-74.002772103574
Bonnie & Clyde's,"82 W 3rd St, New York, NY 10012",bar,1972,1981,Manhattan,,40.729727284852,-73.998837553922
The Gas Station,"70 Grove St, New York, NY 10014",bar/disco,1972,NA,Manhattan,yes,40.733241711447,-74.002772103574
Man's Country,"28 W 15th St, New York, NY 10011",baths/gym/fantasy rooms,1972,1983,Manhattan,no,40.737019960594,-73.99405891085
Fudge Factory,"308 E 59th St, New York, NY 10022",disco,1972,NA,Manhattan,yes,40.760344625849,-73.963867477687
Mother Courage,"343 W 11th St, New York, NY 10014",restaurant,1972,1977,Manhattan,no,40.735583381925,-74.008215374227
Reno Sweeney,"126 W 13th St, New York, NY 10011",restaurant,1972,1981,Manhattan,no,40.737154911873,-73.998655910375
Uncle Charlie's North,"1049 Lexington Ave, New York, NY 10021",restaurant,1972,1984,Manhattan,yes,40.772152200776,-73.960858718175
Uncle Charlie's South,"581 3rd Ave, New York, NY 10016",restaurant,1972,1988,Manhattan,yes,40.748397880128,-73.976089086613
Le Joint,"120 W 51st St, New York, NY 10019",bar,1973,1974,Manhattan,yes,40.76121483807,-73.981763743813
Ramrod,"394-395 West St, New York, NY 10014",bar,1973,1980,Manhattan,,40.73310135355,-74.010093813546
Beat Goes East,"601 Morris Park Ave, Bronx, NY 10460",bar,1973,NA,Bronx,,40.840944821868,-73.872837082217
Continental Sauna,"111 W 56th St, New York, NY 10019",baths,1973,1976,Manhattan,yes,40.763841109309,-73.977991646188
Le Jardin,"110 West 43rd St, New York, NY 10036",disco,1973,1976,Manhattan,yes,40.75560010094,-73.983972942391
Eagle Leathers,"P.O. Box 441 Canal Street Station, New York, NY. 10013",leather mail order,1973,NA,Manhattan,,40.72412292143,-74.008401563602
Bushes,"23 W 73rd St, New York, NY 10023",restaurant/cabaret,1973,1980,Manhattan,yes,40.777329682097,-73.976314253061
Grand Finale,"210 W 70th St, New York, NY 10023",restaurant,1973,1980,Manhattan,yes,40.777492587536,-73.983210601212
"One If By Land, Two If By Sea","17 Barrow St, New York, NY 10014",restaurant,1973,2025,Manhattan,no,40.732567674323,-74.002725989675
Ronnie's Supper Club,"324 E 49th St, New York, NY 10022",restaurant,1973,1974,Manhattan,yes,40.753939609847,-73.968402985018
The Forest,"1436 3rd Ave, New York, NY 10028",restaurant,1973,1974,Manhattan,yes,40.775856053525,-73.956232736497
Boots and Saddle,"100a 7th Ave S, New York, NY 10014",bar,1974,2015,Manhattan,no,40.733185240577,-74.003132004275
Wall Street Sauna,"1 Maiden Ln, New York, NY 10038",baths,1974,2004,Manhattan,no,40.709830658921,-74.009883639809
Kelly's Village West,"46 Bedford St, New York, NY 10014",cabaret,1974,1991,Manhattan,yes,40.730521309013,-74.004264465965
The Anvil,"500 W 14th St, New York, NY 10014",disco/backroom,1974,1986,Manhattan,no,40.742124683424,-74.008307821975
Flamingo,"599 Broadway, New York, NY 10012",juice bar/disco,1974,1980,Manhattan,no,40.725415586046,-73.996874547861
Beths,"1623 2nd Ave, New York, NY 10028",restaurant,1974,1975,Manhattan,yes,40.776757563183,-73.952647399719
Casa Paco,"330 Bleecker St, New York, NY 10014",restaurant,1974,1985,Manhattan,yes,40.733424155621,-74.004372227954
Charlie & Kelly's,"259 West 4th Street, New York, NY 10014",restaurant,1974,1981,Manhattan,yes,40.735361818764,-74.003212039156
Dazzels,"180 Columbus Ave, New York, NY 10023",restaurant,1974,1975,Manhattan,yes,40.774929575889,-73.980689751554
Johnny's Pub,"123 E 47th St, New York, NY 10017",restaurant,1974,1988,Manhattan,yes,40.75450286198,-73.973302694038
The Ice Cream Connection,"24 St Marks Pl, New York, NY 10003",restaurant,1974,1975,Manhattan,yes,40.728890169089,-73.988515554641
Uncle Charlie's Restaurant,"542 3rd Ave, New York, NY 10016",restaurant,1974,1997,Manhattan,yes,40.747083533595,-73.977215958653
Yellow Brick Road,"228 W 10th St, New York, NY 10014",restaurant,1974,1975,Manhattan,yes,40.733869454035,-74.005084373467
The Alley,"63-02 Roosevelt Ave Flushing, NY 11377",bar,1975,NA,Queens,,40.745780523517,-73.900991502984
Womanbooks,"201 W 92nd St, New York, NY 10025",bookstore,1975,1987,Manhattan,no,40.791579572707,-73.972261259889
Ramrod Theatre,"210 W 49th St, New York, NY 10019",cinema,1975,1980,Manhattan,yes,40.760806204379,-73.98469081891
Adonis Cinema,"8th Ave & W 50th St, New York, NY 10019",cinema,1975,1990,Manhattan,no,40.762287733212,-73.986105054861
Infinity,"653 Broadway, New York, NY 10012",disco,1975,1979,Manhattan,no,40.726898605978,-73.995621417718
Twelve West,"491 West St, New York, NY 10014",juice bar/disco,1975,1980,Manhattan,no,40.738007292063,-74.009770465824
Tor,"21 Greenwich Ave, New York, NY 10014",restaurant,1975,1979,Manhattan,yes,40.734610384385,-74.000016549302
Mother Earth,"381 Van Duzer St, Staten Island, NY 10304",bar,1976,1982,Staten Island,,40.628722795401,-74.079848048926
The Mine Shaft,"835 Washington St, New York, NY 10014",bar/backroom,1976,1985,Manhattan,,40.74032399465,-74.007836605284
Eastside Sauna,"227 E 56th St, New York, NY 10022",baths,1976,2025,Manhattan,no,40.759364997797,-73.967361694538
Brazil,"86 Mills Ave, Staten Island, NY 10305",club,1976,1982,Staten Island,,40.595239242994,-74.067728199583
Les Mouches,"260 W 11th St, New York, NY 10014",disco,1976,1982,Manhattan,yes,40.736098278553,-74.003693680068
Hurrah,"36 W 62nd St, New York, NY 10023",disco,1976,1981,Manhattan,no,40.77071080618,-73.982618435151
East Side Club,"227 E 56th St, New York, NY 10022",health club,1976,2025,Manhattan,no,40.759364997797,-73.967361694538
Empire Diner,"154 11th Ave, New York, NY 10011",restaurant,1976,2025,Manhattan,no,40.736128371045,-74.000201211861
Djuna Books,"154 W 10th St, New York, NY 10014",bookstore,1977,1982,Manhattan,no,40.734419783222,-74.001447275546
Paradise Garage,"84 King St, New York, NY 10014",club,1977,1987,Manhattan,no,40.727914621101,-74.006378195724
Studio 54 (originally Gallo Opera House),"254 W 54th St, New York, NY 10019",disco,1977,1986,Manhattan,,40.764258486722,-73.983165082697
"New York, New York","33 E 52nd St, New York, NY 10022",disco,1977,1981,Manhattan,no,40.759377156497,-73.975159149476
Ice Palace 57,"57 W 57th St, New York, NY 10019",disco,1977,1985,Manhattan,no,40.763785400216,-73.975766063022
Starship Discovery I,"350 W 42nd St, New York, NY 10036",private disco/cabaret,1977,NA,Manhattan,yes,40.757966121327,-73.991695733596
Jan Wallman's,"28 Cornelia St, New York, NY 10014",restaurant,1977,1986,Manhattan,yes,40.731541655941,-74.001646859862
Red Parrot,"617 W 57th St, New York, NY 10019",club,1978,NA,Manhattan,,40.770537095368,-73.991778109394
Roxy,"515 W 18th St, New York, NY 10011",disco,1978,2007,Manhattan,no,40.744821840138,-74.006644554341
Chez Stadium,"56 Greenwich Ave, New York, NY 10011",restaurant,1978,1981,Manhattan,yes,40.735840304718,-74.000587562598
Rawhide,"212 8th Ave, New York, NY 10011",bar,1979,2013,Manhattan,yes,40.743870265304,-73.999435301549
Rounds,"303 E 53rd St, New York, NY 10022",bar/restaurant,1979,1994,Manhattan,yes,40.756764072745,-73.967002442328
New St. Marks baths,"6 St Marks Pl, New York, NY 10003",baths,1979,1985,Manhattan,no,40.72936997662,-73.989627631651
Park Villa II/On Stage,"70 Beach St, Staten Island, NY 10304",club,1979,1991,Staten Island,,40.628206047257,-74.078486895557
Fiddlesticks,"205 Cypress Ave, Ridgewood, NY 11385",restaurant,1979,1981,queens,yes,40.708254038853,-73.919827995645
Uncle Charlie's Downtown,"56 Greenwich Ave, New York, NY 10011",bar,1980,1997,Manhattan,no,40.735840304718,-74.000587562598
Our Place,"7702 Broadway, Elmhurst, NY 11373",bar,1980,1985,Queens,,40.745282236116,-73.888287060888
Blue's,"264 W 43rd St, New York, NY 10036",bar/disco,1980,1985,Manhattan,yes,40.757430853902,-73.988326971172
Madison Card & Book Shop,"123 E 57th St, New York, NY 10022",bookstore,1980,1985,Manhattan,yes,40.761250977397,-73.969738911696
Rendezvous Book Store,"38 W 28th St, New York, NY 10001",bookstore,1980,1990,Manhattan,yes,40.745423807497,-73.989214008188
Tom Cat Book Store,"38 W 28th St, New York, NY 10001",bookstore,1980,1999,Manhattan,yes,40.745423807497,-73.989214008188
Jaybird Books,"408 Jay St, Brooklyn, NY 11201",bookstore,1980,1990,Brooklyn,yes,40.69212345336,-73.987380139047
The Saint,"105 2nd Ave, New York, NY 10003",disco,1980,1988,Manhattan,,40.727550597192,-73.988520498597
Leather Loft,"313 Amsterdam Ave, New York, NY 10023",gay department store,1980,2005,Manhattan,yes,40.780303160918,-73.980310730238
A Touch of Class,"113-24 Queens Blvd, Forest Hills, NY 11375",restaurant,1980,1982,queens,yes,40.717529329886,-73.835651628936
Backstage,"318 W 45th St, New York, NY 10036",restaurant,1980,1983,Manhattan,yes,40.759502120629,-73.98935777831
Big Dish,"383 W 12th St, New York, NY 10014",restaurant,1980,1985,Manhattan,yes,40.737613856473,-74.008351398875
Big Wok,"753 Washington St, New York, NY 10014",restaurant,1980,1984,Manhattan,yes,40.736900790059,-74.008183584025
Black Sheep,"342 W 11th St, New York, NY 10014",restaurant,1980,1982,Manhattan,yes,40.735471564121,-74.008181595636
Blowfish,"551 Hudson Street, New York, NY 10014",restaurant,1980,1982,Manhattan,yes,40.735198210549,-74.0061335226
Blue Skies,"183 W 10th St, New York, NY 10014",restaurant,1980,1984,Manhattan,yes,40.734335252627,-74.002816053261
Chez Roman,"1406 3rd Ave, New York, NY 10075",restaurant,1980,1982,Manhattan,yes,40.774946318384,-73.956899387542
Clyde's,"340 Bleecker St, New York, NY 10014",restaurant,1980,1988,Manhattan,yes,40.733744596327,-74.004518516062
David's Pot Belly,"98 Christopher St, New York, NY 10014",restaurant,1980,1982,Manhattan,yes,40.733269398014,-74.004674091189
Duff's,"115 Christopher St, New York, NY 10014",restaurant,1980,1982,Manhattan,yes,40.733286681482,-74.005325307432
Four Eleven,"411 Bleecker St, New York, NY 10014",restaurant,1980,1982,Manhattan,yes,40.736075724638,-74.005082064447
Fulton's Sidewalk Café,"2061 Broadway, New York, NY 10023",restaurant/café,1980,1985,Manhattan,yes,40.778366528695,-73.98206771859
Jeffrey's,"228 W 10th St, New York, NY 10014",restaurant/cabaret,1980,1982,Manhattan,yes,40.733869454035,-74.005084373467
Pennyfeathers,"89 7th Ave, New York, NY 10011",restaurant,1980,1982,Manhattan,yes,40.739260718626,-73.999083620237
Pershing's,"234 Columbus Ave, New York, NY 10023",restaurant,1980,1985,Manhattan,yes,40.776604584573,-73.979463945981
Pigalle Pigalle,"1047 2nd Ave, New York, NY 10022",restaurant,1980,1982,Manhattan,yes,40.758147667368,-73.966219921177
Place Across the Street,"56 W 46th St, New York, NY 10036",restaurant,1980,1982,Manhattan,yes,40.756738467295,-73.980870237639
Prive,"1st Ave. & E 59th St, New York, NY 10022",restaurant,1980,1982,Manhattan,yes,40.759614732888,-73.961967062756
Solos,"248 E 52nd St, New York, NY 10022",restaurant/cabaret,1980,1982,Manhattan,yes,40.756563246862,-73.968784370395
Stormy Weather,"1574 2nd Ave, New York, NY 10028",restaurant,1980,1982,Manhattan,yes,40.775035405318,-73.953728892692
The Ballroom,"458 W Broadway, New York, NY 10012",restaurant,1980,1993,Manhattan,yes,40.725937928603,-74.00084844124
Trilogy,"135 Christopher St, New York, NY 10014",restaurant,1980,1988,Manhattan,yes,40.732995052654,-74.007054249804
Village Garden,"West 4th Street & Charles St, New York, NY 10014",restaurant,1980,1982,Manhattan,yes,40.734891739174,-74.003155551063
Village Green,"531 Hudson St, New York, NY 10014",restaurant,1980,1982,Manhattan,yes,40.73430773356,-74.006277193784
York's Restaurant,"710 2nd Ave, New York, NY 10016",restaurant,1980,1982,Manhattan,yes,40.747368138741,-73.973904129242
The River Club,"491 West St, New York, NY 10014",disco,1981,1985,Manhattan,no,40.738007292063,-74.009770465824
Chelsea Gym,"267 W 17th St, New York, NY 10011",gym,1982,1995,Manhattan,yes,40.741318314727,-74.000142241782
46th Street,"343 W 46th St, New York, NY 10036",restaurant/cabaret,1982,1983,Manhattan,yes,40.760461930361,-73.98935462203
Belvedere,"239 3rd Ave, New York, NY 10003",restaurant,1982,1983,Manhattan,yes,40.736776136295,-73.984556754816
Boodles,"1478 1st Ave., New York, NY 10075",restaurant,1982,1983,Manhattan,yes,40.770949175668,-73.953620073483
Cajun,"129 8th Ave, New York, NY 10011",restaurant,1982,1983,Manhattan,yes,40.74143837408,-74.001383348215
Chelsea Big Wok,"207 10th Ave, New York, NY 10011",restaurant,1982,1986,Manhattan,yes,40.747255886774,-74.00457105911
Don't Tell Mama,"343 W 46th St, New York, NY 10036",restaurant,1982,2025,Manhattan,no,40.760461930361,-73.98935462203
Heavenly Host,"463 Hudson St, New York, NY 10014",restaurant,1982,1983,Manhattan,yes,40.731576278395,-74.006715791403
Il Gamberetto,"555 3rd Ave, New York, NY 10016",restaurant/cabaret,1982,1983,Manhattan,yes,40.747418800564,-73.976800461268
Jason's Park Royal,"23 W 73rd St, New York, NY 10023",restaurant/cabaret,1982,1986,Manhattan,yes,40.777329682097,-73.976314253061
La Boutique Fantastique Café,"215 W 92nd St, New York, NY 10025",restaurant,1982,1983,Manhattan,yes,40.791736676522,-73.972637356812
La Cage Aux Folles,"334 E 73rd St, New York, NY 10021",restaurant/cabaret,1982,1983,Manhattan,yes,40.769079000442,-73.957066079612
Les Nuages,"1436 3rd Ave, New York, NY 10028",restaurant,1982,1983,Manhattan,yes,40.775856053525,-73.956232736497
Mickey's,"44 W 54th St, New York, NY 10019",restaurant/cabaret,1982,1983,Manhattan,yes,40.761584701618,-73.97682917834
Old Forge,"179 3rd Ave, New York, NY 10003",restaurant,1982,1983,Manhattan,yes,40.734967275026,-73.985874116699
Onstage,"349 W 46th St, New York, NY 10036",restaurant/cabaret,1982,1983,Manhattan,yes,40.760521062341,-73.989494444492
Patrick's,"142 W 10th St, New York, NY 10014",restaurant,1982,1983,Manhattan,yes,40.734474887409,-74.001055815178
Pete's Café,"135 8th Ave, New York, NY 10011",restaurant,1982,1983,Manhattan,yes,40.741542195922,-74.001308277038
Priory,"224 E 53rd St, New York, NY 10022",restaurant/cabaret,1982,1983,Manhattan,yes,40.757404220506,-73.968845972885
Rumbul's,"20 Christopher St, New York, NY 10014",restaurant,1982,1983,Manhattan,yes,40.733875503024,-74.000606643273
SOB's,"204 Varick St, New York, NY 10014",restaurant,1982,2025,Manhattan,no,40.72869598313,-74.005222246945
The East Five Three,"244 E 53rd St, New York, NY 10022",restaurant/cabaret,1982,1983,Manhattan,yes,40.757224492168,-73.968415661868
TJ's,"957 1st Ave., New York, NY 10022",restaurant/cabaret,1982,1983,Manhattan,yes,40.755557811767,-73.965013938065
Tyson's Restaurant,"756 9th Ave, New York, NY 10019",restaurant,1982,1983,Manhattan,yes,40.763940914964,-73.98852518179
Upstream,"150 E 39th St, New York, NY 10016",restaurant/cabaret,1982,1983,Manhattan,yes,40.749294495702,-73.977005161632
Van Buren,"349 W 46th St, New York, NY 10036",restaurant,1982,1983,Manhattan,yes,40.760521062341,-73.989494444492
Cubby hole,"281 W 12th St, New York, NY 10014",bar,1983,1990,Manhattan,no,40.737608384315,-74.003797147684
Browne and Ferri,"396 Van Duzer St, Staten Island, NY 10304",bar/restaurant,1983,1995,Staten Island,,40.628406398936,-74.08033401906
Northern Men's Sauna,"137-08 Northern Blvd, Flushing, NY 11354",baths,1983,1994,Queens,no,40.762845911859,-73.8315013586
A Different Light,"548 Hudson St, New York, NY 10014",bookstore,1983,2001,Manhattan,no,40.73497433265,-74.006016906526
Limelight,"47 W 20th St, New York, NY 10011",disco,1983,2007,Manhattan,no,40.740360389074,-73.992424532662
Crawfords,"957 1st Ave, New York, NY 10022",restaurant,1983,1984,Manhattan,yes,40.755557811767,-73.965013938065
Inner Circle,"13 Jane St, New York, NY 10014",restaurant/cabaret,1983,1984,Manhattan,yes,40.738192706977,-74.002785886244
Monster,"80 Grove St, New York, NY 10014",restaurant,1983,1998,Manhattan,yes,40.733295328932,-74.002609674134
Nightbird,"92 2nd Ave, New York, NY 10003",restaurant,1983,1984,Manhattan,yes,40.726960422461,-73.988775919096
Pharoah,"8 Christopher St, New York, NY 10014",restaurant,1983,1984,Manhattan,yes,40.733959107507,-74.000047049797
Scotts on Tenth,"130 10th Ave, New York, NY 10011",restaurant/cabaret,1983,1984,Manhattan,yes,40.744670111129,-74.00628375697
Silver lining,"349 W 46th St, New York, NY 10036",restaurant,1983,1988,Manhattan,yes,40.760521062341,-73.989494444492
Wine Press,"1160 1st Ave., New York, NY 10065",restaurant,1983,1984,Manhattan,yes,40.762464550411,-73.959808009926
Grove Café,"70 Grove St, New York, NY 10014",juice bar,1984,1989,Manhattan,yes,40.733241711447,-74.002772103574
Holland,"351 W 42nd St, New York, NY 10036",restaurant,1984,1985,Manhattan,yes,40.757980185134,-73.991417644024
Las Ventanas Restaurant,"329 Bleecker St, New York, NY 10014",restaurant,1984,1985,Manhattan,yes,40.733461618154,-74.004229312535
Mim's Restaurant,"8 Christopher St, New York, NY 10014",restaurant,1984,1985,Manhattan,yes,40.733959107507,-74.000047049797
Pete's Place,"317 E 5th St, New York, NY 10003",restaurant,1984,1987,Manhattan,yes,40.72665986985,-73.98851803877
Rogers Restaurant,"21 Greenwich Ave, New York, NY 10014",restaurant,1984,1985,Manhattan,yes,40.734610384385,-74.000016549302
Scaramouche Rest.,"157 Duane St, New York, NY 10013",restaurant,1984,1985,Manhattan,yes,40.716828807692,-74.00876833677
Van D's,"123 E 18th St, New York, NY 10003",restaurant,1984,1985,Manhattan,yes,40.736597028919,-73.987113293475
Waverly Waverly,"147 Waverly Pl, New York, NY 10014",restaurant,1984,1985,Manhattan,yes,40.733347009189,-74.000784148214
Love Boat,"7702 Broadway Elmhurst, NY 11373",bar,1985,1995,Queens,,40.745282236116,-73.888287060888
Chelsea Pines Inn,"317 W 14th St, New York, NY 10014",hotel,1985,2025,Manhattan,yes,40.739982103959,-74.002924577256
Colonial House Inn,"318 W 22nd St, New York, NY 10011",hotel,1985,2021,Manhattan,yes,40.744817151295,-73.999570671611
Grand Sea Palace,"346 W 46th St, New York, NY 10036",restaurant,1985,2007,Manhattan,no,40.760360839691,-73.989425920237
Katherine Restaurant,"183 W 10th St, New York, NY 10014",restaurant,1985,1987,Manhattan,yes,40.734335252627,-74.002816053261
Shescape,"41 E 58th St, New York, NY 10022",restaurant,1985,1988,Manhattan,yes,40.762732263878,-73.971160733657
Eighty Eight's,"228 W 10th St, New York, NY 10014",bar/restaurant,1988,1999,Manhattan,,40.733869454035,-74.005084373467
Chez Michallet,"90 Bedford St, New York, NY 10014",restaurant,1988,2005,Manhattan,yes,40.732162784221,-74.005213160971
Dutchess II,"70 Grove St, New York, NY 10014",bar,1989,1990,Manhattan,yes,40.733241711447,-74.002772103574
Friend's Tavern,"78-11 Roosevelt Ave, Jackson Heights, NY 11372",bar,1989,2025,queens,,40.747320544005,-73.887500403115
Judith's Room,"681 Washington St, New York, NY 10014",bookstore,1989,1995,Manhattan,yes,40.73402964171,-74.00842231205
The Townhouse Restaurant,"206 E 58th St, New York, NY 10022",restaurant,1989,2025,Manhattan,no,40.760796358175,-73.966884653256
Bar Room 432,"432 W 14th St, New York, NY 10014",bar,1990,1996,Manhattan,no,40.741448039971,-74.006709317067
Bum Bum Bar,"63-14 Roosevelt Ave, Flushing, NY 11377",bar,1990,2019,Queens,no,40.745792788077,-73.900882537068
Grove Club,"70 Grove St, New York, NY 10014",bar,1990,1991,Manhattan,no,40.733241711447,-74.002772103574
Henrietta Hudson,"438-444 Hudson St, New York, NY 10014",bar,1991,2025,Manhattan,no,40.730858078911,-74.006676793373
Pandora's Box,"70 Grove St, New York, NY 10014",bar,1992,1992,Manhattan,,40.733241711447,-74.002772103574
Café con Leche,"124 W 43rd St, New York, NY 10036",club,1993,1996,Manhattan,yes,40.755743878173,-73.984315327077
Cubbyhole,"281 W 12th St, New York, NY 10014",bar,1994,2025,Manhattan,no,40.737608384315,-74.003797147684
Tiffany II Restaurant,"222 West 4th Street, New York, NY 10014",restaurant,1995,1998,Manhattan,yes,40.734052345606,-74.0029843492
Meow Mix,"269 E Houston St, New York, NY 10002",club,1996,2004,Manhattan,,40.721659188172,-73.984636678134
Club Impressions,"1558 3rd Ave, New York, NY 10128",after-hours private club,NA,NA,Manhattan,,40.7798384058,-73.953330315748
The Turn-Over,"105 W 13th St, New York, NY 10011",bar,NA,NA,Manhattan,,40.736893298019,-73.997719969812
Uno's Café,"1051 Allerton Ave. Bronx, NY 10469",bar,NA,NA,Bronx,,40.865537536323,-73.857655934123
Gypsy's,"1065 1st Ave., New York, NY 10022",bar,NA,NA,Manhattan,,40.75906267298,-73.962459815371
Taggariss House,"108 E 41st St, New York, NY 10168",bar,NA,NA,Manhattan,,40.75064824198,-73.976384723657
Jack of Diamonds,"1085 2nd Ave, New York, NY 10022",bar,NA,NA,Manhattan,,40.759514246978,-73.96522956503
Union Club,"110 E 14th St, New York, NY 10003",bar,NA,NA,Manhattan,,40.73396987587,-73.988942966528
Turn Table,"114 W 45th St, New York, NY 10036",bar,NA,NA,Manhattan,,40.756911570288,-73.983201691261
John's Joynt,"1154 1st Ave., New York, NY 10065",bar,NA,NA,Manhattan,,40.762269258825,-73.959950940722
Night Wing,"118 Greenwich Ave, New York, NY 10011",bar,NA,NA,Manhattan,,40.738674247727,-74.002270076417
Piper's Lounge,"1201 Lexington Ave, New York, NY 10028",bar,NA,NA,Manhattan,,40.776527176364,-73.957664900755
GoldDiggers,"1234 2nd Ave, New York, NY 10065",bar,NA,NA,Manhattan,,40.763954356335,-73.961821107153
Midtown 43,"127 West 43rd St, New York, NY 10036",bar,NA,NA,Manhattan,,40.755864640096,-73.98429089383
Hollywood!,"128 W 45th St, New York, NY 10036",bar,NA,NA,Manhattan,,40.757074609661,-73.983588449984
Angora Bar,"129 8th Ave, New York, NY 10011",bar,NA,NA,Manhattan,,40.74143837408,-74.001383348215
Kathy's,"130-06 Atlantic Ave South Richmond Hill, NY 11419",bar,NA,NA,Queens,,40.695795291795,-73.818729780955
The Square Lemon,"135-06 Northern Blvd Flushing, NY 11354",bar,NA,NA,Queens,,40.76262648096,-73.832995440364
Outcast,"1382 2nd Ave, New York, NY 10021",bar,NA,NA,Manhattan,,40.768614677247,-73.958414170555
Village Stix,"139 Christopher St, New York, NY 10014",bar,NA,NA,Manhattan,,40.732943694179,-74.007331138994
Rocco's,"139 E 34th St, New York, NY 10016",bar,NA,NA,Manhattan,,40.746386253891004,-73.979529343413
17th St Saloon,"143 8th Ave, New York, NY 10011",bar,NA,NA,Manhattan,,40.741746616441,-74.001160079422
The Cabaret,"1436 3rd Ave, New York, NY 10028",bar,NA,NA,Manhattan,,40.775856053525,-73.956232736497
Pegasus,"145 E 23rd St, New York, NY 10010",bar,NA,NA,Manhattan,,40.739271665038,-73.984032858265
Razzle Dazzle,"1485 3rd Ave, New York, NY 10028",bar,NA,NA,Manhattan,,40.777573054177,-73.954811654962
Fiddle Stix,"1487 1st Ave, New York, NY 10075",bar,NA,NA,Manhattan,,40.771407467331,-73.953457557341
New Deal,"152 Spring St, New York, NY 10012",bar,NA,NA,Manhattan,,40.724290758776,-74.001531626264
Last Resort,"153 1st Ave, New York, NY 10003",bar,NA,NA,Manhattan,,40.728481372013,-73.984754252183
Alibi,"1544 2nd Ave, New York, NY 10028",bar,NA,NA,Manhattan,,40.774222527385,-73.954322696825
New Jimmy's Supper Club,"1576 3rd Ave, New York, NY 10128",bar,NA,NA,Manhattan,,40.780468405459,-73.952871316631
Bull in the Bush,"1638 2nd Ave, New York, NY 10028",bar,NA,NA,Manhattan,,40.777113701018,-73.952209216869
Candle II,"168 Amsterdam Ave, New York, NY 10023",bar,NA,NA,Manhattan,,40.775982954888,-73.983646344102
96 West,"168 W 96th St, New York, NY 10025",bar,NA,NA,Manhattan,,40.793382085922,-73.968931340382
Lodge East,"1683 1st Ave, New York, NY 10128",bar,NA,NA,Manhattan,,40.777833291383,-73.948762341782
Britt Top,"1716 2nd Ave, New York, NY 10128",bar,NA,NA,Manhattan,,40.779833506352,-73.950231873255
Chaps,"176 E 87th St, New York, NY 10028",bar,NA,NA,Manhattan,,40.779735567725,-73.95421646487
Tempust Fugit,"178 2nd Ave, New York, NY 10003",bar,NA,NA,Manhattan,,40.730539734083,-73.986173601355
Squires: Nook,"18 E 13th St, New York, NY 10003",bar,NA,NA,Manhattan,,40.734959764818,-73.993434355356
Charade,"1800 2nd Ave, New York, NY 10128",bar,NA,NA,Manhattan,,40.782334897454,-73.948400137826
Sugar's,"183 W 10th St, New York, NY 10014",bar,NA,NA,Manhattan,,40.734335252627,-74.002816053261
Monte Casino,"185 Montague St Brooklyn, NY 11201",bar,NA,NA,Brooklyn,,40.69427635293,-73.992206120993
Howie's Hide-A-Way,"185 W 10th St, New York, NY 10014",bar,NA,NA,Manhattan,,40.734327804873,-74.002864091279
Seesaw,"185 W 10th St, New York, NY 10014",bar,NA,NA,Manhattan,,40.734327804873,-74.002864091279
La Bamba,"192 2nd Ave, New York, NY 10003",bar,NA,NA,Manhattan,,40.731044351304,-73.985804376236
Pelican Club,"200 W 70th St, New York, NY 10023",bar,NA,NA,Manhattan,,40.777276645586,-73.982684123755
My Sister's Place,"2056 Broadway, New York, NY 10023",bar,NA,NA,Manhattan,,40.777687864551,-73.981966706295
Maneuvers,"208 W 23rd St, New York, NY 10011",bar,NA,NA,Manhattan,,40.744169774169,-73.995968885131
Nightingale,"213 2nd Ave, New York, NY 10003",bar,NA,NA,Manhattan,,40.731811690954,-73.985418927928
Ronnie's Roost,"2130 Broadway, New York, NY 10023",bar,NA,NA,Manhattan,,40.780746271684,-73.981312681662
Lighthouse,"2160 Broadway, New York, NY 10023",bar,NA,NA,Manhattan,,40.781794884237,-73.980972109618
Westsider Bar,"2160 Broadway, New York, NY 10023",bar,NA,NA,Manhattan,,40.781794884237,-73.980972109618
Speakeasy,"2160 Broadway, New York, NY 10023",bar,NA,NA,Manhattan,,40.781794884237,-73.980972109618
Penny Lane,"220 W 49th St, New York, NY 10019",bar,NA,NA,Manhattan,,40.760894116014,-73.984899833259007
Chez Bippy,"2207 Boller Ave, Bronx, NY 10475",bar,NA,NA,Bronx,,40.860352430698,-73.824710335235
Willie's West Side,"224 W 82nd St, New York, NY 10024",bar,NA,NA,Manhattan,,40.785390243834,-73.977756294829
Top of the Pits,"230 W 74th St, New York, NY 10023",bar,NA,NA,Manhattan,,40.780551797487,-73.982322755601
O'Neill's Backyard,"231 W 48th St, New York, NY 10036",bar,NA,NA,Manhattan,,40.760435386961,-73.985442694293
Pipeline,"232 8th Ave, New York, NY 10011",bar,NA,NA,Manhattan,,40.744494099987,-73.998982567421
Billy's Chelsea Bar,"232 8th Ave, New York, NY 10011",bar,NA,NA,Manhattan,,40.744494099987,-73.998982567421
The Barn,"232 Park Ave S, New York, NY 10003",bar,NA,NA,Manhattan,,40.737713020017,-73.988259704932
Summer Stock,"232 Park Ave S, New York, NY 10003",bar,NA,NA,Manhattan,,40.737713020017,-73.988259704932
Ginger Bread,"232 Park Ave S, New York, NY 10003",bar,NA,NA,Manhattan,,40.737713020017,-73.988259704932
Trix,"234 W 50th St, New York, NY 10019",bar,NA,NA,Manhattan,,40.76167089281,-73.984792797266
Daddy's,"238 3rd Ave, New York, NY 10003",bar,NA,NA,Manhattan,,40.737048486805,-73.984527856745
Dallas,"243 E 53rd St, New York, NY 10022",bar,NA,NA,Manhattan,,40.757342811988,-73.968385646504
Le Bar,"243 E 53rd St, New York, NY 10022",bar,NA,NA,Manhattan,,40.757342811988,-73.968385646504
The Garden Club,"244 E 51st St, New York, NY 10022",bar,NA,NA,Manhattan,,40.755974555667,-73.969334565823
TR's,"248 E 52nd St, New York, NY 10022",bar,NA,NA,Manhattan,,40.756563246862,-73.968784370395
Oh Johnny,"248 W 14th St, New York, NY 10011",bar,NA,NA,Manhattan,,40.739090816032,-74.001114054611
Sombrero,"253-32 Northern Blvd Flushing, NY 11362",bar,NA,NA,Queens,,40.771405248335,-73.734779475406
Judy's,"255 West 43rd St, New York, NY 10036",bar,NA,NA,Manhattan,,40.757414527995,-73.987977150502
Shadows,"255 West 43rd St, New York, NY 10036",bar,NA,NA,Manhattan,,40.757414527995,-73.987977150502
Something Special,"262 W 46th St, New York, NY 10036",bar,NA,NA,Manhattan,,40.759330672564,-73.986989933993
Dirty Edna's,"264 W 46th St, New York, NY 10036",bar,NA,NA,Manhattan,,40.75935212033,-73.987040414699
Mothers,"267 W 23rd St, New York, NY 10011",bar,NA,NA,Manhattan,,40.744942551277,-73.99750018167
Mona's Royal Roost,"28 Cornelia St, New York, NY 10014",bar,NA,NA,Manhattan,,40.731541655941,-74.001646859862
12th Night,"281 W 12th St, New York, NY 10014",bar,NA,NA,Manhattan,,40.737608384315,-74.003797147684
4/12 Bar,"281 W 12th St, New York, NY 10014",bar,NA,NA,Manhattan,,40.737608384315,-74.003797147684
The Big Dish,"283 W 12th St, New York, NY 10014",bar,NA,NA,Manhattan,,40.737604034369,-74.003942167894
Centre Bar,"29 St Marks Pl, New York, NY 10003",bar,NA,NA,Manhattan,,40.728871279796,-73.988166149916
Fireside,"30-5 Astoria Blvd Astoria, NY 11102",bar,NA,NA,Queens,,40.770327930689,-73.918867306721
Bleeker Street,"302 Bleecker St, New York, NY 10014",bar,NA,NA,Manhattan,,40.732594777207,-74.003860674456
Jaspers,"305 Columbus Ave, New York, NY 10023",bar,NA,NA,Manhattan,,40.778870923013,-73.977641000215
The Lib,"305 E 45th St, New York, NY 10017",bar,NA,NA,Manhattan,,40.751724688257,-73.970590411972
Candle Bar,"309 10th Ave, New York, NY 10001",bar,NA,NA,Manhattan,,40.750733718092,-74.00203863169
Godmother,"309 E 60th St, New York, NY 10022",bar,NA,NA,Manhattan,,40.761022135125,-73.96320274475
The New Camp,"311 E 60th St, New York, NY 10022",bar,NA,NA,Manhattan,,40.760997434271,-73.963141764531
Mark East,"313 E 46th St, New York, NY 10017",bar,NA,NA,Manhattan,,40.752312640662,-73.970032616358
Three,"314 E 72nd St, New York, NY 10021",bar,NA,NA,Manhattan,,40.768591039755,-73.958014762478
Peeches Three,"314 E 72nd St, New York, NY 10021",bar,NA,NA,Manhattan,,40.768591039755,-73.958014762478
Paisleys,"320 E 79th St, New York, NY 10075",bar,NA,NA,Manhattan,,40.772904084844,-73.954190672324
Bucks,"324 Amsterdam Ave, New York, NY 10023",bar,NA,NA,Manhattan,,40.780797100063,-73.980122755982
Sugarman,"350 E 81st St, New York, NY 10028",bar,NA,NA,Manhattan,,40.774094557574,-73.952922593049
Joe Allen's,"352 W 46th St, New York, NY 10036",bar,NA,NA,Manhattan,,40.760424639985,-73.989576781315
GH Club,"353 E 53rd St, New York, NY 10022",bar,NA,NA,Manhattan,,40.756277660908,-73.965862641721
Brothers And Sisters,"355 W 46th St, New York, NY 10036",bar,NA,NA,Manhattan,,40.760580194321,-73.989634266954
Chairman,"360 Lexington Ave, New York, NY 10017",bar,NA,NA,Manhattan,,40.750324197919,-73.976951242248
Three Jolly Pigeons,"37-21 Greenpoint Ave Queens, NY 11101",bar,NA,NA,Queens,,40.737955019197,-73.929026858244
Bullet Bar,"372 W 11th St, New York, NY 10014",bar,NA,NA,Manhattan,,40.735343741366,-74.009168475532
Alex in Wonderland,"40 10th Ave, New York, NY 10014",bar,NA,NA,Manhattan,,40.741703684012,-74.008449111129
The Ginza,"40 E 58th St, New York, NY 10022",bar,NA,NA,Manhattan,,40.762809767948,-73.971658257762
The Stable,"400 W 14th St, New York, NY 10014",bar,NA,NA,Manhattan,,40.740926418159,-74.005467857445
Monte's of Henry Street,"404 Henry St Brooklyn, NY 11201",bar,NA,NA,Brooklyn,,40.687319668339,-73.997969502717
Huey's on Hudson,"432 Hudson St, New York, NY 10014",bar,NA,NA,Manhattan,,40.730692715075,-74.006704698527
Round-Up,"438 Hudson St, New York, NY 10014",bar,NA,NA,Manhattan,,40.730775396993,-74.00669074595
Finale,"48 Barrow St, New York, NY 10014",bar,NA,NA,Manhattan,,40.732114484526,-74.004441818545
Danny's Bar In The Hideaway Motel,"500 W 14th St, New York, NY 10014",bar,NA,NA,Manhattan,,40.742124683424,-74.008307821975
Meat Rack,"500 W 14th St, New York, NY 10014",bar,NA,NA,Manhattan,,40.742124683424,-74.008307821975
Ariel,"53 W 19th St, New York, NY 10011",bar,NA,NA,Manhattan,,40.739855177278,-73.99304093507
The Wine Cellar,"531 Hudson St, New York, NY 10014",bar,NA,NA,Manhattan,,40.73430773356,-74.006277193784
Frizby's,"531 Hudson St, New York, NY 10014",bar,NA,NA,Manhattan,,40.73430773356,-74.006277193784
Tracks,"531 W 19th St, New York, NY 10011",bar,NA,NA,Manhattan,,40.745555335775,-74.006567747003
Jonnathans,"547 2nd Ave, New York, NY 10016",bar,NA,NA,Manhattan,,40.742451436097,-73.97761145819
Loading Zone,"568 9th Ave, New York, NY 10036",bar,NA,NA,Manhattan,,40.758117014876,-73.992772487732
Leo's Lion,"57 Lexington Ave, New York, NY 10016",bar,NA,NA,Manhattan,,40.740651922861,-73.983822621342
Roadhouse,"570 Hudson St, New York, NY 10014",bar,NA,NA,Manhattan,,40.73567369321,-74.005909069965
Janice's Fish Place,"570 Hudson St, New York, NY 10014",bar,NA,NA,Manhattan,,40.73567369321,-74.005909069965
Siro's,"58 E 53rd St, New York, NY 10022",bar,NA,NA,Manhattan,,40.759383641342,-73.973538713607
The Copabanana,"59 Lexington Ave, New York, NY 10016",bar,NA,NA,Manhattan,,40.740708800109,-73.983780799837
60-05 Club,"60-5 Metropolitan Ave Ridgewood, NY 11385",bar,NA,NA,Queens,,40.712930967152,-73.90526438616
Zips,"636 Hudson St, New York, NY 10014",bar,NA,NA,Manhattan,,40.738618003656,-74.005440221039
J's,"675 Hudson St, New York, NY 10014",bar,NA,NA,Manhattan,,40.740447188347,-74.005300611685
Fountain Blue,"69-05 Queens Blvd Woodside, NY 11377",bar,NA,NA,Queens,,40.740486959323,-73.895706308464
Dutchess Inn,"70 Grove St, New York, NY 10014",bar,NA,NA,Manhattan,,40.733241711447,-74.002772103574
Sammy's Folly,"73 5th Ave, New York, NY 10003",bar,NA,NA,Manhattan,,40.736714034908,-73.993017744726
Phoenix,"73 8th Ave, New York, NY 10014",bar,NA,NA,Manhattan,,40.739534953185,-74.002770615958
The Octagon,"73-13 37th Rd Jackson Heights, NY 11372",bar,NA,NA,Queens,,40.747208290088,-73.892255194279
What A Dump,"76-07 Roosevelt Ave Jackson Heights, NY 11372",bar,NA,NA,Queens,,40.747110681152,-73.889460745354
"Manhattan, A Bar","76-13 Roosevelt Ave Jackson Heights, NY 11372",bar,NA,NA,Queens,,40.747115264146,-73.889415373701
8 Christopher St. Tavern,"8 Christopher St, New York, NY 10014",bar,NA,NA,Manhattan,,40.733959107507,-74.000047049797
Gracie's Mansion,"80 Clark Street Brooklyn, NY 11201",bar,NA,NA,Brooklyn,,40.697425739847,-73.993117942865
Gas Station,"80 Grove St, New York, NY 10014",bar,NA,NA,Manhattan,,40.733295328932,-74.002609674134
Freidas Hideaway,"81-36 Baxter Ave Elmhurst, NY 11373",bar,NA,NA,Queens,,40.74609327214,-73.883546748572
Tradition,"82 83rd St Brooklyn, NY 11209",bar,NA,NA,Brooklyn,,40.62762838526,-74.038560014031
Outside Inn,"82-20 Baxter Ave Elmhurst, NY 11373",bar,NA,NA,Brooklyn,,40.746551904849,-73.88322941447
La Femme,"85 Washington Pl, New York, NY 10011",bar,NA,NA,Manhattan,,40.732139350763,-74.000015485563
Top Banana,"858 9th Ave, New York, NY 10019",bar,NA,NA,Manhattan,,40.767024587096,-73.986278109981
Sticky Fingers,"87 Christopher St, New York, NY 10014",bar,NA,NA,Manhattan,,40.73351422888,-74.003836056459
Come On,"8813 Foster Ave Brooklyn, NY 11236",bar,NA,NA,Brooklyn,,40.644293516335,-73.912797920812
Knight Deposit,"938 Amsterdam Ave, New York, NY 10025",bar,NA,NA,Manhattan,,40.800568884008,-73.965702178388
Sapphire Bar,"957 1st Ave., New York, NY 10022",bar,NA,NA,Manhattan,,40.755557811767,-73.965013938065
Fabric Factory,"200 W 40th St, New York, NY 10018",bar,NA,NA,Manhattan,,40.754723831914,-73.987994540042
Grapevine,"161 W 47th St, New York, NY 10036",bar/cabaret,NA,NA,Manhattan,,40.758793042074,-73.9834838835
Rant,"115 Christopher St, New York, NY 10014",bar/club,NA,NA,Manhattan,,40.733286681482,-74.005325307432
Tamburlane,"148 W 48th St, New York, NY 10036",bar/club,NA,NA,Manhattan,,40.759179542468,-73.982766304594
Red Rooster,"2374 7th Ave, New York, NY 10030",bar/club,NA,NA,Manhattan,,40.817706637283,-73.942030672479
Big Apple,"3338 Broadway, New York, NY 10031",bar/club,NA,NA,Manhattan,,40.820135852499,-73.954961268141
Sunset Boulevard,"112-01 Queens Blvd Forest Hills, NY 11375",bar/disco,NA,NA,Queens,,40.718344412945,-73.836899229843
Magic Touch,"73-13 37th Rd Jackson Heights, NY 11372",bar/disco,NA,NA,Queens,,40.747208290088,-73.892255194279
Crissy T Chaps,"7507 New Utrecht Ave Brooklyn, NY 11214",bar/disco,NA,NA,Brooklyn,,40.615672909856,-73.999898572371
Spectrum,"802 64th St Brooklyn, NY 11220",bar/disco,NA,NA,Brooklyn,,40.633130522019,-74.011853415451
Sebastian's,"1068 1st Ave., New York, NY 10022",bar/restaurant,NA,NA,Manhattan,,40.759006890874,-73.962327666541
Breadstix,"113-24 Queens Blvd Forest Hills, NY 11375",bar/restaurant,NA,NA,Queens,,40.717529329886,-73.835651628936
Christopher's,"115 Christopher St, New York, NY 10014",bar/restaurant,NA,NA,Manhattan,,40.733286681482,-74.005325307432
Twenty Nine Palms,"129 Lexington Ave, New York, NY 10016",bar/restaurant,NA,NA,Manhattan,,40.743010421307,-73.982105899192
Blue Fox,"131 8th Ave, New York, NY 10011",bar/restaurant,NA,NA,Manhattan,,40.741472981361,-74.00135832449
Panache,"149 E 57th St, New York, NY 10022",bar/restaurant,NA,NA,Manhattan,,40.760847660955,-73.968783919157
Waldo's,"151 Montague St Brooklyn, NY 11201",bar/restaurant,NA,NA,Brooklyn,,40.694595452766,-73.993373376988
Claire's Restaurant,"156 7th Ave, New York, NY 10011",bar/restaurant,NA,NA,Manhattan,,40.741881199301,-73.997347500709
Farnies,"18 2nd Ave, New York, NY 10003",bar/restaurant,NA,NA,Manhattan,,40.724192210255,-73.990800593226
Rockinghorse,"224 Columbus Ave, New York, NY 10023",bar/restaurant,NA,NA,Manhattan,,40.776339636596,-73.979658871989
Andre's Bar,"2321 Frederick Douglass Blvd, New York, NY 10027",bar/restaurant,NA,NA,Manhattan,,40.810153996369,-73.951269821077
Bonampak Mexican Restaurant,"235 E 53rd St, New York, NY 10022",bar/restaurant,NA,NA,Manhattan,,40.757414703323,-73.968557770911
Sundowner's,"309 E 60th St, New York, NY 10022",bar/restaurant,NA,NA,Manhattan,,40.761022135125,-73.96320274475
Chequers,"311 W 48th St, New York, NY 10019",bar/restaurant,NA,NA,Manhattan,,40.761295004934,-73.987478222402
Caroline's,"332 8th Ave, New York, NY 10001",bar/restaurant,NA,NA,Manhattan,,40.747412299535,-73.996861144308
Red Star Café,"400 W 12th St, New York, NY 10014",bar/restaurant,NA,NA,Manhattan,,40.737500577088,-74.008586802605
Peeches n Creem,"408 E 64th St, New York, NY 10065",bar/restaurant,NA,NA,Manhattan,,40.762451040026,-73.959158663147
Café Society,"43 E 20th St, New York, NY 10003",bar/restaurant,NA,NA,Manhattan,,40.738944615988,-73.989056374516
Censi's,"5 Front St Brooklyn, NY 11201",bar/restaurant,NA,NA,Brooklyn,,40.702664205099,-73.992262819166
McFeeley's,"565 W 23rd St, New York, NY 10011",bar/restaurant,NA,NA,Manhattan,,40.748534513085,-74.006024683439
23 St Saloon,"565 W 23rd St, New York, NY 10011",bar/restaurant,NA,NA,Manhattan,,40.748534513085,-74.006024683439
Hornblower's on Horatio,"59 Horatio St, New York, NY 10014",bar/restaurant,NA,NA,Manhattan,,40.738810034219,-74.006382931174
Su-Su's Yum Yum,"60 Henry St Brooklyn, NY 11201",bar/restaurant,NA,NA,Brooklyn,,40.699121585456,-73.992290371936
Ox Cart,"78-11 Roosevelt Ave Jackson Heights, NY 11372",bar/restaurant,NA,NA,Queens,,40.747320544005,-73.887500403115
II Gigolo,"78-17 Roosevelt Ave Flushing, NY 11372",bar/restaurant,NA,NA,Queens,,40.747325162411,-73.88745283352
Cahoots,"81 Columbus Ave, New York, NY 10023",bar/restaurant,NA,NA,Manhattan,,40.771449536002,-73.983164502445
Starz,"836 Grand Blvd Westbury, NY 11590",bar/restaurant,NA,NA,Queens,,40.748343919315,-73.556622147776
Potbelly Stove,"94 Christopher St, New York, NY 10014",bar/restaurant,NA,NA,Manhattan,,40.733295318466,-74.004504648217
Singles,"951 1st Ave., New York, NY 10022",bar/restaurant,NA,NA,Manhattan,,40.755384218421,-73.965140988265
La Stanza,"953 1st Ave., New York, NY 10022",bar/restaurant,NA,NA,Manhattan,,40.75544208287,-73.965098638199
Mayfair,"964 1st Ave, New York, NY 10022",bar/restaurant,NA,NA,Manhattan,,40.755675842548,-73.964754585601
Freddy's,"308 E 49th St, New York, NY 10017",bar/restaurant/cabaret,NA,NA,Manhattan,,40.7540949999,-73.968767180368
Priapus Books & Films,"111 E 12th St, New York, NY 10003",book/sex shop,NA,NA,Manhattan,,40.732654638666,-73.989628456017
It's a Man's World,"287 Amsterdam Ave, New York, NY 10023",bookstore,NA,NA,Manhattan,,40.779526790152,-73.980878050712
Royal Roost,"154 W 13th St, New York, NY 10011",cabaret,NA,NA,Manhattan,,40.737399494235,-73.999237577267
The Spartan,"220 E 59th St, New York, NY 10022",cinema,NA,NA,Manhattan,,40.761288486033,-73.966118790789
Mini,"727 7th Ave, New York, NY 10019",cinema,NA,NA,Manhattan,,40.760252955808,-73.983792024682
The Fair,"Astoria Blvd & 90th St Queens, NY 11369",cinema,NA,NA,Queens,,40.763682729196,-73.87926158901
Crazy Horse,"149 Bleecker St, New York, NY 10012",club,NA,NA,Manhattan,,40.728415697471,-73.999526959876
Club Se Soir,"50 Watts St, New York, NY 10013",club,NA,NA,Manhattan,,40.723687692442,-74.004850206874
Palace,"110 E 14th St, New York, NY 10003",disco,NA,NA,Manhattan,,40.73396987587,-73.988942966528
Tory's,"119 E 27th St, New York, NY 10016",disco,NA,NA,Manhattan,,40.742352720974,-73.983536449212
Tropicalia,"1634 3rd Ave, New York, NY 10128",disco,NA,NA,Manhattan,,40.782437681774,-73.951430002932
The Ring,"180 Christopher St, New York, NY 10014",disco,NA,NA,Manhattan,,40.732475950113,-74.009334883552
Warehouse,"201 W 75th St, New York, NY 10023",disco,NA,NA,Manhattan,,40.780635725244,-73.980239057728
Fridas's,"25 3rd Ave, New York, NY 10003",disco,NA,NA,Manhattan,,40.729799419872,-73.989623578868
El Castillo Rojo,"252 West 43rd St, New York, NY 10036",disco,NA,NA,Manhattan,,40.757291105863,-73.987995463684
Sweet Sensation,"2527 65th St Brooklyn, NY 11204",disco,NA,NA,Brooklyn,,40.609317781303,-73.973795455984
Stix,"304 E 39th St, New York, NY 10016",disco,NA,NA,Manhattan,,40.747760744572,-73.97338181171
Resurrection,"316 W 49th St, New York, NY 10019",disco,NA,NA,Manhattan,,40.762040572731,-73.987625454647
Marquee,"439 W 46th St, New York, NY 10036",disco,NA,NA,Manhattan,,40.76175897978,-73.992446574914
Saturday Night Dance Club,"531 W 19th St, New York, NY 10011",disco,NA,NA,Manhattan,,40.745555335775,-74.006567747003
"Benton-Smith, Ltd","56 E Mt Eden Ave, Bronx, NY 10452",disco,NA,NA,Bronx,,40.843878983102,-73.913765274007
Hot Ice,"57 W 57th St, New York, NY 10019",disco,NA,NA,Manhattan,,40.763785400216,-73.975766063022
Network,"579 6th Ave, New York, NY 10011",disco,NA,NA,Manhattan,,40.739070586005,-73.995682677783
Zodiac 2000,"63-12 Broadway Woodside, NY 11377",disco,NA,NA,Queens,,40.749897407244,-73.899135626517
Collage,"63-12 Broadway Woodside, NY 11377",disco,NA,NA,Queens,,40.749897407244,-73.899135626517
Le Trianon,"74 E 13th St, New York, NY 10003",disco,NA,NA,Manhattan,,40.733951654707,-73.9910499404
Beritz,"7507 New Utrecht Ave Brooklyn, NY 11214",disco,NA,NA,Brooklyn,,40.615672909856,-73.999898572371
Star Wars Disco,"79-24 Cypress Ave, Flushing, NY 11385",disco,NA,NA,Queens,,40.694469805536,-73.897895786639
Blueboy Disco,"96-22 Queens Blvd Rego Park, NY 11374",disco,NA,NA,Queens,,40.729704666902,-73.861943514767
Sentry Uniform Cap,"106 New Lots Ave Brooklyn, NY 11212",erotica,NA,NA,Brooklyn,,40.658095234923,-73.901347076395
G&D Merchandise,"113 W 42nd St, New York, NY 10036",erotica,NA,NA,Manhattan,,40.755033762246,-73.984408498525
"117 Christopher Video, Inc.","117 Christopher St, New York, NY 10014",erotica,NA,NA,Manhattan,,40.733271993226,-74.005421325116
Eve's Garden,"119 W 57th St, New York, NY 10019",erotica,NA,NA,Manhattan,,40.764609282248,-73.977721626766
Harmony Video,"139 Christopher St, New York, NY 10014",erotica,NA,NA,Manhattan,,40.732943694179,-74.007331138994
Pink Pussycat Boutique,"161 West 4th Street, New York, NY 10014",erotica,NA,NA,Manhattan,,40.731991249491,-74.001270206909
World of Video,"178 7th Ave S, New York, NY 10014",erotica,NA,NA,Manhattan,,40.735936672452,-74.001555054549
New World Video,"201 E 14th St, New York, NY 10003",erotica,NA,NA,Manhattan,,40.733312498608,-73.98707792926
Ann Street Adult Entertainment Center,"21 Ann St, New York, NY 10038",erotica,NA,NA,Manhattan,,40.71081788227,-74.007652995236
Ricky's Place (downstairs),"210 W 42nd St, New York, NY 10036",erotica,NA,NA,Manhattan,,40.756126987584,-73.98733018629
Courageous Books,"250 W 42nd St, New York, NY 10036",erotica,NA,NA,Manhattan,,40.756592814556,-73.98843521167
Two-Fifty Book Center,"250 W 42nd St, New York, NY 10036",erotica,NA,NA,Manhattan,,40.756592814556,-73.98843521167
G & A Books Inc,"251 W 42nd St, New York, NY 10036",erotica,NA,NA,Manhattan,,40.75669294559,-73.988361648557
Come Again,"353 E 53rd St, New York, NY 10022",erotica,NA,NA,Manhattan,,40.756277660908,-73.965862641721
Flushing Adult Books & Video (2nd floor),"36-39 Main St Flushing, NY 11354",erotica,NA,NA,Queens,,40.762402285705,-73.831554338102
Underground Leather,"390 West St, New York, NY 10014",erotica,NA,NA,Manhattan,,40.732667415401004,-74.010147417691
International Film & Video,"453 W 47th St, New York, NY 10036",erotica,NA,NA,Manhattan,,40.762291911488,-73.991782689299
Gay Treasures,"546 Hudson St, New York, NY 10014",erotica,NA,NA,Manhattan,,40.734877788362,-74.006032579304
Show Palace/ SLR Merchandising,"672 8th Ave, New York, NY 10036",erotica,NA,NA,Manhattan,,40.757826824563,-73.989266161628
Xtasy Down Under Male Emporium,"691 8th Ave, New York, NY 10036",erotica,NA,NA,Manhattan,,40.758300153733,-73.989096484849
Adult Fair Cinema,"90-18 Astoria Blvd, East Elmhurst, NY 11369",erotica,NA,NA,Queens,,40.763550420039,-73.878810171229
New Male Box,"210 W 42nd St, New York, NY 10036",erotica/cruising,NA,NA,Manhattan,,40.756126987584,-73.98733018629
Laminations,"39 Christopher St, New York, NY 10014",gift shop,NA,NA,Manhattan,,40.733701639089,-74.002591330433
Scott Hotel,"132 W 45th St, New York, NY 10036",hotel,NA,NA,Manhattan,,40.757121192339,-73.983698952476
Seaport Bed & Breakfast,"27 Peck Slip, New York, NY 10038",hotel,NA,NA,Manhattan,,40.708194506535,-74.001728774256
Sutton East,"330 E 56th St, New York, NY 10022",hotel,NA,NA,Manhattan,,40.75793788315,-73.964286104917
Amandia House,"722 St Nicholas Ave, New York, NY 10031",hotel,NA,NA,Manhattan,,40.824821813644,-73.944096382063
Shaft,"181 2nd Ave, New York, NY 10003",juice bar,NA,NA,Manhattan,,40.730792213239,-73.98616163382
The Jungle,"303 E 60th St, New York, NY 10022",juice bar,NA,NA,Manhattan,,40.761096237688,-73.963385685407
The Zoo,"303 E 60th St, New York, NY 10022",juice bar,NA,NA,Manhattan,,40.761096237688,-73.963385685407
Trojan's Den,"162 W 34th St, New York, NY 10001",massage,NA,NA,Manhattan,,40.750463447109,-73.989524530468
Cherry Grove East,"200 E 14th St, New York, NY 10003",massage,NA,NA,Manhattan,,40.73321197276,-73.987150520617
Plaza Theatre,"314 Flatbush Ave Brooklyn, NY 11217",porn theatre/crusing,NA,NA,Brooklyn,,40.677360534031,-73.972678859007
Scotland Yard,"146 West 4th Street, New York, NY 10012",private club,NA,NA,Manhattan,,40.731407162005,-74.000482957711
The Nine Plus,"202 8th Ave, New York, NY 10011",private club,NA,NA,Manhattan,,40.74356729761,-73.999656701014
Mood Club,"77 White St, New York, NY 10013",private club,NA,NA,Manhattan,,40.717501607685,-74.00211967939
Applause,"360 Lexington Ave, New York, NY 10017",restaurant,NA,NA,Manhattan,,40.750324197919,-73.976951242248
Belly Button,"68 Greenwich Ave, New York, NY 10011",restaurant,NA,NA,Manhattan,,40.736307599969,-74.000860967901
Casa Laredo,"551 Hudson St, New York, NY 10014",restaurant,NA,NA,Manhattan,,40.735198210549,-74.0061335226
E & H Kast,"152 Spring St, New York, NY 10012",restaurant,NA,NA,Manhattan,,40.724290758776,-74.001531626264
Frisby,"530 Hudson St, New York, NY 10014",restaurant,NA,NA,Manhattan,,40.734157363031,-74.006148954898
Gallery,"77 Christopher St, New York, NY 10014",restaurant,NA,NA,Manhattan,,40.733610933047,-74.003201435291
Le Jules Verne,"189 W 10th St, New York, NY 10014",restaurant,NA,NA,Manhattan,,40.734297563656,-74.003060132264
Luizzi's,"180 Prince St, New York, NY 10012",restaurant,NA,NA,Manhattan,,40.726289466142,-74.002078662839
Max Seafood Restaurant,"305 West End Ave, New York, NY 10023",restaurant,NA,NA,Manhattan,,40.781356248127,-73.98343288777
Pier Nine,"215 2nd Ave, New York, NY 10003",restaurant,NA,NA,Manhattan,,40.731884684476,-73.985365143229
Rex Café Expresso,"161 Prince St, New York, NY 10012",restaurant/café,NA,NA,Manhattan,,40.726040609297,-74.001302470113
Silhouette,"53 W 19th St, New York, NY 10011",restaurant,NA,NA,Manhattan,,40.739855177278,-73.99304093507
Silver Dollar,"163 Christopher St, New York, NY 10014",restaurant,NA,NA,Manhattan,,40.732711093747,-74.008576755023
Third Avenue El,"895 3rd Ave, New York, NY 10022",restaurant,NA,NA,Manhattan,,40.758098710216,-73.969016586961
Leather Rack,"247 W 42nd St, New York, NY 10036",sex shop,NA,NA,Manhattan,,40.756646362892,-73.988251146019
Strap,"130 10th Ave, New York, NY 10011",backroom,,,Manhattan,,40.744670111129,-74.00628375697
Camp David,"1007 Lexington Ave, New York, NY 10021",bar,,,Manhattan,,40.770665036098,-73.961947391587
Lion's,"105 W 13th St, New York, NY 10011",bar,,,Manhattan,,40.736893298019,-73.997719969812
Danny's of Brooklyn Heights,"108 Montague St, Brooklyn, NY 11201",bar,,,brooklyn,,40.6949303098,-73.995033272653
Ty's,"114 Christopher St, New York, NY 10014",bar,,,Manhattan,,40.733165716208,-74.005351863075
Tunnel,"116 1st Ave, New York, NY 10009",bar,,,Manhattan,,40.726911960072,-73.985724086451
Nickel Bar,"127 W 72nd St, New York, NY 10023",bar,,,Manhattan,,40.777788432276,-73.979544120173
Arck Lane,"130-02 Atlantic Ave, South Richmond Hill, NY 11419",bar,,,queens,,40.695785173235,-73.81876551212
Sparky's,"130-4 Atlantic Ave, South Richmond Hill, NY 11419",bar,,,queens,,40.695790232515,-73.818747646537
Chelsea Transfer,"131 8th Ave, New York, NY 10011",bar,,,Manhattan,,40.741472981361,-74.00135832449
Chi Chiz,"135 Christopher St, New York, NY 10014",bar,,,Manhattan,,40.732995052654,-74.007054249804
Danny's First,"139 Christopher St, New York, NY 10014",bar,,,Manhattan,,40.732943694179,-74.007331138994
Yukon Bar,"140 E 53rd St, New York, NY 10022",bar,,,Manhattan,,40.758495555032,-73.971440310882
Harry's Back East,"1422 3rd Ave, New York, NY 10028",bar,,,Manhattan,,40.775431454759,-73.956542960574
Two Potato,"143 Christopher St, New York, NY 10014",bar,,,Manhattan,,40.73289063965,-74.007616574686
Show Place,"146 W 4th St, New York, NY 10012",bar,,,Manhattan,,40.731407162005,-74.000482957711
Twilight,"1463 3rd Ave, New York, NY 10028",bar,,,Manhattan,,40.776591080811,-73.955522986621
Painted Pony,"1485 3rd Ave, New York, NY 10028",bar,,,Manhattan,,40.777573054177,-73.954811654962
Kookie's,"149 West 14th St, New York, NY 10011",bar,,,Manhattan,,40.737897711505,-73.997970466942
Boy Bar,"15 St Marks Pl, New York, NY 10003",bar,,,Manhattan,,40.729223731007004,-73.988983045992
Chap's,"1558 3rd Ave, New York, NY 10128",bar,,,Manhattan,,40.7798384058,-73.953330315748
Velvet,"167 Avenue A, New York, NY 10009",bar,,,Manhattan,,40.728048163368,-73.982165039026
Foxy,"167 Avenue A, New York, NY 10009",bar,,,Manhattan,,40.728048163368,-73.982165039026
Half Breed,"168 Amsterdam Ave, New York, NY 10023",bar,,,Manhattan,,40.775982954888,-73.983646344102
Seventeen Barrow Street,"17 Barrow St, New York, NY 10014",bar,,,Manhattan,,40.732567674323,-74.002725989675
Bull Feathers,"1716 2nd Ave, New York, NY 10128",bar,,,Manhattan,,40.779833506352,-73.950231873255
Piano Bar,"180 Montague St Brooklyn, NY 11201",bar,,,brooklyn,,40.694155156399,-73.992208367565
The Dugout on Christopher,"185 Christopher St, New York, NY 10014",bar,,,Manhattan,,40.732588727245,-74.009361849326
P.M.,"204 E 18th St, Brooklyn, NY 11226",bar,,,Manhattan,,40.646478029207,-73.962590984936
Regency East,"204 E 58th St, New York, NY 10022",bar,,1990,Manhattan,yes,40.760814506341,-73.966927690328
Numbers,"2057 Broadway, New York, NY 10023",bar,,,Manhattan,,40.778290327481,-73.982067718595
C.J. Blanda,"209 7th Ave, New York, NY 10011",bar,,,Manhattan,,40.743455157363,-73.996028279788
Four By Twelve,"218 W. 12th St, New York, NY 10014",bar,,,Manhattan,,40.737590103483,-74.002188279103
Pauline's Interlude,"2267 7th Ave, New York, NY 10027",bar,,,Manhattan,,40.814206417431,-73.944419675863
Bike Stop West,"230 W 75th St, New York, NY 10023",bar,,,Manhattan,,40.781212499218,-73.981908224234
Huddle,"232 8th Ave, New York, NY 10011",bar,,,Manhattan,,40.744494099987,-73.998982567421
The Break,"232 8th Ave, New York, NY 10011",bar,,,Manhattan,,40.744494099987,-73.998982567421
Follies,"232 W 48th St, New York, NY 10036",bar,,,Manhattan,,40.760366102158,-73.985588929395007
Brandy's Piano Bar,"235 E 84th St, New York, NY 10028",bar,,,Manhattan,,40.777220396139,-73.954112527512
Townhouse,"236 E 58th St, New York, NY 10022",bar,,,Manhattan,,40.760524135672,-73.966239097187
Fedora's,"239 West 4th Street, New York, NY 10014",bar,,,Manhattan,,40.734496642302,-74.002964071798
Cave,"24 E 22nd St, New York, NY 10010",bar,,,Manhattan,,40.740278143275,-73.988808344074
Backyard,"243 E 53rd St, New York, NY 10022",bar,,,Manhattan,,40.757342811988,-73.968385646504
La Fiesta,"253 W 46th St, New York, NY 10036",bar,,,Manhattan,,40.759084202129,-73.986100585057
M.C.C.,"26 9th Ave, New York, NY 10014",bar,,,Manhattan,,40.740317855451,-74.005739336281
Den,"264 W 43rd St, New York, NY 10036",bar,,,Manhattan,,40.757430853902,-73.988326971172
Sally's Hideaway,"264 West 43rd St, New York, NY 10036",bar,,,Manhattan,,40.757430853902,-73.988326971172
Milano's Lounge,"267 Amsterdam Ave, New York, NY 10023",bar,,,Manhattan,,40.778794635114,-73.981402201963
Stallion,"277 Bleecker St, New York, NY 10014",bar,,,Manhattan,,40.731654333746,-74.003166193549
The Gold Rail,"2850 Broadway, New York, NY 10025",bar,,,Manhattan,,40.804510792645,-73.966367097585
Steve Carney's,"2nd Ave & E 80th St, New York, NY 10075",bar,,,Manhattan,,40.774023729808,-73.954555564256
Main Man,"305 Columbus Ave, New York, NY 10023",bar,,,Manhattan,,40.778870923013,-73.977641000215
Peter Rabbit,"305 W 10th St, New York, NY 10014",bar,,,Manhattan,,40.733248189233,-74.009895478523
Stage 45,"305 W 45th St, New York, NY 10036",bar,,,Manhattan,,40.759329627821,-73.988629857981
Wildwood Tavern,"308 Columbus Ave, New York, NY 10023",bar,,,Manhattan,,40.779043981206,-73.977687745883
Candlelight Lounge,"309 Amsterdam Ave, New York, NY 10023",bar,,,Manhattan,,40.780185406565,-73.980397363796
The Barefoot Boy,"309 East 39th Street at Second Ave, New York, NY 10016",bar,,,Manhattan,,40.747914735587,-73.973590559742
Boot Hill,"317 Amsterdam Ave, New York, NY 10023",bar,,,Manhattan,,40.780420915271,-73.98022409668
Bogarts,"320 E 59th St, New York, NY 10022",bar,,,Manhattan,,40.760159249611,-73.963422004056
Sound Machine,"330 E. 56th St, New York, NY 10022",bar,,,Manhattan,,40.75793788315,-73.964286104917
Triangle Bar,"34 9th Ave, New York, NY 10014",bar,,,Manhattan,,40.74037930104,-74.005694464831
L'Intrigue,"35 W 56th St, New York, NY 10019",bar,,,Manhattan,,40.762823733813,-73.975562148224
Tijuana Cat,"350 W 46th St, New York, NY 10036",bar,,,Manhattan,,40.76040337322,-73.989526494289
Cell Block,"372 W 11th St, New York, NY 10014",bar,,,Manhattan,,40.735343741366,-74.009168475532
Bike Stop East,"381 3rd Ave, New York, NY 10016",bar,,,Manhattan,,40.741546285117,-73.981082791644
Keller's,"384 West St, New York, NY 10014",bar,,,,,40.731829131551,-74.010212482919
Badlands,"388 West St, New York, NY 10014",bar,,1981,Manhattan,,40.732450446326,-74.010174219763
Sneakers,"392 West St, New York, NY 10014",bar,,,Manhattan,,40.732884384475,-74.010120615619
Star Sapphire,"400 E 59th St, New York, NY 10022",bar,,,Manhattan,,40.759536732723,-73.961938093427
South Dakota,"405 3rd Ave, New York, NY 10016",bar,,,Manhattan,,40.742313731552,-73.980519617687
Sanctuary,"407 West 43rd St, New York, NY 10036",bar,,,Manhattan,,40.759267490718,-73.992375997882
The Works,"428 Columbus Ave, New York, NY 10024",bar,,,Manhattan,,40.783183098522,-73.974667683068
Five Oaks,"49 Grove St, New York, NY 10014",bar,,,Manhattan,,40.732986992926,-74.003934904427
After Five Plus,"5 Front St Brooklyn, NY 11201",bar,,,brooklyn,,40.702664205099,-73.992262819166
Mr. Spats,"505 W. 23rd St, New York, NY 10011",bar,,,Manhattan,,40.747821095399,-74.004324345128
Tool Box,"507 West St, New York, NY 10014",bar,,,Manhattan,,40.738962159631,-74.00985507756
The Stone Wall,"53 Christopher St, New York, NY 10014",bar,,,Manhattan,,40.733749923786,-74.002264698616
Gianni's,"53 W 19th St, New York, NY 10011",bar,,,Manhattan,,40.739855177278,-73.99304093507
Silouette,"53 W 19th St, New York, NY 10011",bar,,,Manhattan,,40.739855177278,-73.99304093507
Dakota,"550 3rd Ave, New York, NY 10016",bar,,,Manhattan,,40.747343808565,-73.977027353605
Ronnie's Thing,"56 E Mt Eden Ave, Bronx, NY 10452",bar,,,Bronx,,40.843878983102,-73.913765274007
Barrel Inn,"568 9th Ave, New York, NY 10036",bar,,,Manhattan,,40.758117014876,-73.992772487732
Red Swing,"57 Lexington Ave, New York, NY 10016",bar,,,Manhattan,,40.740651922861,-73.983822621342
Barbary Coast,"64 7th Avenue, New York, NY 10011",bar,,,Manhattan,,40.738632610888,-73.999715606826
Paula's,"64 Greenwich Ave, New York, NY 10011",bar,,,Manhattan,,40.736154964327,-74.000771751315
Washington Square,"675 Broadway, New York, NY 10012",bar,,,Manhattan,,40.72761106682,-73.995018888398
The Bar,"68 2nd Ave, New York, NY 10003",bar,,,Manhattan,,40.726048005361,-73.989447042202
Gantry,"6th Ave & W 13th St, New York, NY 10011",bar,,,Manhattan,,40.736664738623,-73.997341552817
Trude Heller's,"6th Ave & W 9th St, New York, NY 10011",bar,,,Manhattan,,40.734135739183,-73.99918655238
Cats,"730 8th Ave, New York, NY 10036",bar,,,Manhattan,,40.759286248464,-73.988215059882
Golden Note,"74-24 37th Ave, Jackson Heights, NY 11372",bar,,,queens,,40.748936892564,-73.891484748687
Billy the Kid,"76-07 Roosevelt Ave, Jackson Heights, NY 11372",bar,,,queens,,40.747110681152,-73.889460745354
Haymarket,"772 8th Ave, New York, NY 10036",bar,,,Manhattan,,40.760488066892,-73.987327400252
"Suspect, Nowbar","7th Ave S & Leroy St, New York, NY 10014",bar,,,Manhattan,,40.730319740124,-74.004690050849
Uncle Paul's,"8 Christopher St, New York, NY 10014",bar,,,Manhattan,,40.733959107507,-74.000047049797
Pieces,"8 Christopher St, New York, NY 10014",bar,,,Manhattan,,40.733959107507,-74.000047049797
Victor's Quarters,"84 2nd Ave, New York, NY 10003",bar,,,Manhattan,,40.726641897177,-73.989009112969
Nite Life,"85 Washington Pl, New York, NY 10011",bar,,,Manhattan,,40.732139350763,-74.000015485563
Crossroad,"858 9th Ave, New York, NY 10019",bar,,,Manhattan,,40.767024587096,-73.986278109981
Pam-Pam,"95 7th Ave, New York, NY 10011",bar,,,Manhattan,,40.739584136173,-73.998844473463
Last Call,"975 2nd Ave, New York, NY 10022",bar,,,Manhattan,,40.755957628209,-73.967819522987
Four Seasons,"99 E 52nd St, New York, NY 10022",bar,,,Manhattan,,40.758513602911,-73.973098135772
Two Turtles,"E 27th St & Park Ave S, New York, NY 10010",bar,,,Manhattan,,40.742703736991,-73.984530056554
Sea Colony,"Horatio St & 8th Ave, New York, NY 10014",bar,,,Manhattan,,40.738752738429,-74.003448050735
Andre's,"W 125th St & Frederick Douglass Blvd, New York, NY 10027",bar,,,Manhattan,,40.810176722617,-73.951167063146
Faller's Bar,"West St & Christopher St, New York, NY 10014",bar,,,Manhattan,,40.732475877752,-74.010056855499
The Bridge,"335 E 58th St, New York, NY 10022",bar,,,Manhattan,,40.759550803571,-73.96361406248
Betsy Ross,"73-13 37th Ave, Jackson Heights, NY 11372",bar,,,queens,,40.748934724124,-73.892550514278
Spike Bar,"120 11th Ave, New York, NY 10011",bar/backroom,,,Manhattan,,40.746846244172,-74.007780406436
Pyramid Bar,"101 Avenue A, New York, NY 10009",bar/club,,,Manhattan,,40.72575416654,-73.983838383374
G.G. Knickerbocker,"128 W 45th St, New York, NY 10036",bar/club,,,Manhattan,,40.757074609661,-73.983588449984
Hip-A-Drome,"165 Avenue A, New York, NY 10009",bar/club,,,Manhattan,,40.727922530283,-73.982255982377
Crazy Nanny's,"21 7th Ave S, New York, NY 10014",bar/club,,,Manhattan,,40.730128652103,-74.004715228842
Flamingo East,"219 2nd Ave, New York, NY 10003",bar/club,,,Manhattan,,40.73203067152,-73.98525757383
Moroccan Village,"23 W 8th St, New York, NY 10011",bar/club,,,Manhattan,,40.732799871623,-73.997481727494
Cats Too,"232 W 48th St, New York, NY 10036",bar/club,,,Manhattan,,40.760366102158,-73.985588929395007
Bali Club,"234 W 50th St, New York, NY 10019",bar/club,,,Manhattan,,40.76167089281,-73.984792797266
Cell Block 28,"28 9th Ave, New York, NY 10014",bar/club,,,Manhattan,,40.740333216848,-74.005728118419
D.T's a Fat Cat,"281 W 12th St, New York, NY 10014",bar/club,,,Manhattan,,40.737608384315,-74.003797147684
The Old Vic,"2nd Ave & E 59th St, New York, NY 10022",bar/club,,,Manhattan,,40.760595732779,-73.964316061944
Splash,"50 W. 17th St, New York, NY 10011",bar/club,,,Manhattan,,40.738545175922,-73.993872833368
Rose's Turn,"55 Grove St, New York, NY 10014",bar/club,,,Manhattan,,40.733018287616,-74.003838719276
Hangout,"675 Hudson St, New York, NY 10014",bar/club,,,Manhattan,,40.740447188347,-74.005300611685
Gold Bug,"83 W 3rd St, New York, NY 10012",bar/disco,,,Manhattan,,40.728163637945,-73.995371312493
Country Cousin,"1313 3rd Ave, New York, NY 10021",bar/restaurant,,,Manhattan,,40.771782683018,-73.95902999613
Pepy's Place,"153 W 48th St, New York, NY 10036",bar/restaurant,,,Manhattan,,40.759326214851,-73.982802968007
Brother Moe's,"1643 1st Ave, New York, NY 10028",bar/restaurant,,,Manhattan,,40.776594681872,-73.949666456857
Pub Society,"1694 2nd Ave, New York, NY 10128",bar/restaurant,,,Manhattan,,40.77902152632,-73.95082219994
Tavern on the Turn,"172-22 Hillside Ave., Jamaica, NY 11432",bar/restaurant,,,queens,,40.711740489032,-73.789966397067
Beau Geste,"239 3rd Ave, New York, NY 10003",bar/restaurant,,,Manhattan,,40.736776136295,-73.984556754816
Cowboys & Cowgirls,"244 E 53rd St, New York, NY 10022",bar/restaurant,,,Manhattan,,40.757224492168,-73.968415661868
The Nautilus,"267-269 W 23rd St, New York, NY 10011",bar/restaurant,,,Manhattan,,40.744965604738,-73.997555608063
Company,"365 3rd Ave, New York, NY 10016",bar/restaurant,,,Manhattan,,40.741015247306,-73.981469740015
Town and Country Pub,"656 9th Ave, New York, NY 10036",bar/restaurant,,,Manhattan,,40.760806077655,-73.990812023649
Neptune's Pub,"730 8th Ave, New York, NY 10036",bar/restaurant,,,Manhattan,,40.759286248464,-73.988215059882
Reed's,"8 Christopher St, New York, NY 10014",bar/restaurant,,,Manhattan,,40.733959107507,-74.000047049797
Village Variety,"3 Horatio St, New York, NY 10014",book/sex shop,,,Manhattan,,40.738810034119,-74.003547556842
Little Peter's,"St Marks Pl & 3rd Ave, New York, NY 10003",cabaret,,,Manhattan,,40.72966273973,-73.989817555651
Jewel Theatre,"100 3rd Ave, New York, NY 10003",cinema,,,Manhattan,,40.732463710615,-73.987875051962
Ruins,"158 Perry St, New York, NY 10014",cinema,,,Manhattan,,40.734695364197,-74.008739607533
King's All Male Theatre,"236 W. 50th Street, New York, NY 10019",cinema,,,Manhattan,,40.761687734819,-73.984832884748
Club 1032,"1032 2nd Ave, New York, NY 10022",club,,,Manhattan,,40.757604891111,-73.966448356379
Trysting Place,"120-31 83rd Ave, Kew Gardens, NY 11415",club,,,queens,,40.708492411187,-73.83187834682
Peeche,"1200 Lexington Ave, New York, NY 10028",club,,,Manhattan,,40.776650733855,-73.957747926183
Club Expo/Kit Kat Klub,"124 W 43rd St, New York, NY 10036",club,,,Manhattan,,40.755743878173,-73.984315327077
Zodiac Uptown,"1487 1st Ave, New York, NY 10075",club,,,Manhattan,,40.771407467331,-73.953457557341
Life,"158 Bleecker St, New York, NY 10012",club,,,Manhattan,,40.728454754605,-73.999886368458
The Planetarium,"181 2nd Ave, New York, NY 10003",club,,,Manhattan,,40.730792213239,-73.98616163382
Two Twenty Club,"220 W Houston St, New York, NY 10014",club,,,Manhattan,,40.728575516492,-74.004439008561
Charade Club,"2nd Ave & E 93rd St, New York, NY 10128",club,,,Manhattan,,40.782312727974,-73.948503065693
The Year 2000,"318 W 49th St, New York, NY 10019",club,,,Manhattan,,40.762058529341,-73.98766799956
Piccadilly Pub,"324 Amsterdam Ave, New York, NY 10023",club,,,Manhattan,,40.780797100063,-73.980122755982
Krash,"34-48 Steinway St, Astoria, NY 11101",club,,,queens,,40.755956060692,-73.921544170723
Club Fahrenheit,"349 Broadway, New York, NY 10013",club,,,Manhattan,,40.717100559509,-74.003920875337
G. H. Club,"353 E 53rd St, New York, NY 10022",club,,,Manhattan,,40.756277660908,-73.965862641721
Don Hill's,"511 Greenwich StNew York, NY 10013",club,,,Manhattan,,40.726040120817,-74.009010777556
Twilo,"530 W 27th St, New York, NY 10001",club,,,Manhattan,,40.750536869206,-74.003265029692
Octagon,"555 W 33rd St, New York, NY 10001",club,,,Manhattan,,40.754624529592,-74.001153149389
Vinyl,"6 Hubert St, New York, NY 10013",club,,,Manhattan,,40.721475240502,-74.009378323718
Club 71,"71 Pineapple St, Brooklyn, NY 11201",club,,,brooklyn,,40.698495639798,-73.99393584149
Club Freida's Hideaway,"81-36 Baxter Ave, Elmhurst, NY 11373",club,,,queens,,40.74609327214,-73.883546748572
Flavors,"120-31 83rd Ave, Kew Gardens, NY 11415",disco,,,queens,,40.708492411187,-73.83187834682
Sahara,"1234 2nd Ave, New York, NY 10065",disco,,,Manhattan,,40.763954356335,-73.961821107153
Roundtable,"151 E 50th St, New York, NY 10022",disco,,,Manhattan,,40.756305362225,-73.971742775425
Hideaway,"153-40 Hillside Ave., Jamaica, NY 11432",disco,,,queens,,40.707374150226,-73.803761124245
Big Top Theatre,"1604 Broadway, New York, NY 10019",disco,,,Manhattan,,40.760227122469,-73.984661102716
Club Edelweiss,"167 W 29th St, New York, NY 10001",disco,,,Manhattan,,40.747501311444,-73.991920736387
El Horoscope,"1969 Jerome Ave, Bronx, NY 10453",disco,,,Bronx,,40.852132506208,-73.908995128234
Escuelita,"301 W 39th St, New York, NY 10018",disco,,,Manhattan,,40.755408647109,-73.991205934857
Warehouse Pier 51,"324 Amsterdam Ave, New York, NY 10023",disco,,,Manhattan,,40.780797100063,-73.980122755982
Paradise,"35 W 43rd St, New York, NY 10036",disco,,,Manhattan,,40.754684918279,-73.981498824796
Dapper & Friends,"350 E 81st St, New York, NY 10028",disco,,,Manhattan,,40.774094557574,-73.952922593049
Candy Store,"44 W 56th St, New York, NY 10019",disco,,,Manhattan,,40.762840668216,-73.975915506418
Inferno,"5 W 19th St, New York, NY 10011",disco,,,Manhattan,,40.739216873425,-73.991529719346
Apartment,"508 Willis Ave, Bronx, NY 10455",disco,,,Bronx,,40.815043407158,-73.918434276229
Mr. Dreams,"63-12 Broadway, Woodside, NY 11377",disco,,,queens,,40.749897407244,-73.899135626517
Sweet Sensations II,"6322 20th Ave, Brooklyn, NY 11204",disco,,,brooklyn,,40.617630565339,-73.984803310968
Rhythm,"6826 New Utrecht Ave, Brooklyn, NY 11219",disco,,,brooklyn,,40.621042517286,-73.998526093726
Sal's Place,"79 Pineapple St, Brooklyn, NY 11201",disco,,,brooklyn,,40.698475480105,-73.993862132631
Cozy Cabin,"92-03 Astoria Blvd, Flushing, NY 11369",disco,,,queens,,40.763389682845,-73.877196426975
Gables,"W 10th St & 7th Ave S, New York, NY 10014",disco,,,Manhattan,,40.734342739255,-74.002390551341
Barnum Room,"128 W 45th St, New York, NY 10036",disco,,,Manhattan,,40.757074609661,-73.983588449984
The Cock Ring,"189 Christopher St, New York, NY 10014",disco,,,Manhattan,,40.732569155561,-74.009489997271
Duplex,"55 Grove St, New York, NY 10014",disco/cabaret,,,Manhattan,,40.733018287616,-74.003838719276
Pleasure Chest,"152 7th Ave S, New York, NY 10014",erotica,,,Manhattan,,40.735223803261,-74.001962869614
Gaiety Male Burlesk,"201 W 46th St, New York, NY 10036",erotica,,,Manhattan,,40.758666514449,-73.985113538109
Pleasure Chest,"939 2nd Ave, New York, NY 10022",erotica,,,Manhattan,,40.754831574768,-73.968640994172
Francis Cranflone,"357 Dean St, Brooklyn, NY 11217",hotel,,,brooklyn,,40.683364873869,-73.979622632844
Ossi Guest House,"358 W 30th St, New York, NY 10001",hotel,,,Manhattan,,40.750344581501,-73.996994177499
Sugar Babies,"17 Irving Pl, New York, NY 10003",private club,,,Manhattan,,40.734794791817,-73.988271737594
Gents,"360 W 42nd St, New York, NY 10036",private club,,,Manhattan,,40.758045850902,-73.991885198456
Iron Horse Pub,"189 7th Ave, Brooklyn, NY 11215",restaurant/cabaret,,,brooklyn,,40.671029634186,-73.978035994262
Rosalie's,"531 Hudson St, New York, NY 10014",restaurant,,,Manhattan,,40.73430773356,-74.006277193784
